video_path,t,cls,name,conf,x1,y1,x2,y2
/content/video/01f7c7ec_1000_clip_006_0040_0050_Y.mp4,0.0,175,chiDanChu,0.9307271838188171,870.1468505859375,108.98974609375,1141.2271728515625,286.101806640625
/content/video/01f7c7ec_1000_clip_006_0040_0050_Y.mp4,1.0,295,muiten_DiThangReTrai,0.4225271940231323,1268.132568359375,853.2835693359375,1481.236572265625,1039.9139404296875
/content/video/01f7c7ec_1000_clip_006_0040_0050_Y.mp4,1.0,293,muiten_DiThang,0.2958269417285919,705.8271484375,165.123291015625,1365.847900390625,962.2891845703125
/content/video/01f7c7ec_1000_clip_006_0040_0050_Y.mp4,3.0,45,TocDo_Chu,0.3150416314601898,621.0289306640625,1349.300537109375,786.6109619140625,1407.55810546875
/content/video/01f7c7ec_1000_clip_006_0040_0050_Y.mp4,6.0,45,TocDo_Chu,0.4040648639202118,617.9146728515625,1350.1326904296875,792.0762939453125,1409.4674072265625
/content/video/01f7c7ec_1000_clip_006_0040_0050_Y.mp4,7.0,45,TocDo_Chu,0.5713499784469604,618.1505126953125,1349.4600830078125,792.117431640625,1408.1285400390625
/content/video/01f7c7ec_1000_clip_006_0040_0050_Y.mp4,8.0,45,TocDo_Chu,0.4355134665966034,617.7972412109375,1348.9039306640625,791.7730712890625,1409.7078857421875
/content/video/01f7c7ec_1000_clip_006_0040_0050_Y.mp4,9.0,175,chiDanChu,0.4817819595336914,1572.258056640625,28.5447998046875,1827.376708984375,226.82611083984375
/content/video/01f7c7ec_1000_clip_006_0040_0050_Y.mp4,9.0,45,TocDo_Chu,0.35035449266433716,64.0396728515625,56.1141357421875,701.083251953125,1373.78662109375
/content/video/0577aea9_865_clip_021_0161_0166_Y.mp4,2.0,45,TocDo_Chu,0.4033024311065674,1352.178955078125,969.577880859375,1542.4456787109375,1028.6201171875
/content/video/0577aea9_865_clip_021_0161_0166_Y.mp4,2.0,355,vach_ke_duong_chuyen_lan,0.26936182379722595,945.5709228515625,772.41357421875,1172.93994140625,932.820556640625
/content/video/0577aea9_865_clip_021_0161_0166_Y.mp4,4.0,45,TocDo_Chu,0.4673613905906677,1352.1470947265625,971.1796875,1540.6951904296875,1027.716064453125
/content/video/0758e201_800_clip_014_0102_0109_Y.mp4,1.0,46,VachDutVang,0.2921146750450134,284.1812438964844,728.4210815429688,769.0911254882812,928.896240234375
/content/video/0758e201_800_clip_014_0102_0109_Y.mp4,2.0,46,VachDutVang,0.29145389795303345,426.1300964355469,725.9163818359375,730.38671875,871.0977172851562
/content/video/0758e201_800_clip_014_0102_0109_Y.mp4,3.0,46,VachDutVang,0.6594855189323425,470.9731750488281,717.3582763671875,761.724365234375,836.58056640625
/content/video/08e895d7_985_clip_003_0010_0017_N.mp4,0.0,45,TocDo_Chu,0.338985800743103,615.4618530273438,1346.61328125,794.3989868164062,1406.8798828125
/content/video/08e895d7_985_clip_003_0010_0017_N.mp4,3.0,10,DaiPhanCachCung,0.33934468030929565,755.7880859375,731.91357421875,1125.8739013671875,1023.91015625
/content/video/08e895d7_985_clip_003_0010_0017_N.mp4,5.0,175,chiDanChu,0.46589624881744385,1842.7603759765625,443.463134765625,1979.1488037109375,545.7552490234375
/content/video/08e895d7_985_clip_003_0010_0017_N.mp4,6.0,175,chiDanChu,0.9219314455986023,2190.7978515625,356.7755126953125,2365.9345703125,506.63104248046875
/content/video/08e895d7_985_clip_003_0010_0017_N.mp4,6.0,45,TocDo_Chu,0.5458198189735413,617.513427734375,1347.7156982421875,792.5777587890625,1407.9019775390625
/content/video/0d77c5a0_792_clip_008_0052_0060_N.mp4,1.0,293,muiten_DiThang,0.7620573043823242,1237.798828125,826.6920166015625,1341.2314453125,934.3861083984375
/content/video/0d77c5a0_792_clip_008_0052_0060_N.mp4,6.0,293,muiten_DiThang,0.44752514362335205,1128.072265625,817.0626220703125,1212.35888671875,923.9527587890625
/content/video/0f5675f8_801_clip_008_0050_0060_Y.mp4,0.0,175,chiDanChu,0.7611162066459656,18.0728759765625,316.151611328125,221.32862854003906,438.51275634765625
/content/video/0f5675f8_801_clip_008_0050_0060_Y.mp4,0.0,175,chiDanChu,0.38698649406433105,239.50216674804688,334.1793212890625,376.7814636230469,452.479248046875
/content/video/0f5675f8_801_clip_008_0050_0060_Y.mp4,1.0,175,chiDanChu,0.7722905874252319,111.20897674560547,287.8546447753906,332.53118896484375,418.2844543457031
/content/video/0f5675f8_801_clip_008_0050_0060_Y.mp4,1.0,175,chiDanChu,0.7200786471366882,350.669677734375,303.515625,516.4813842773438,427.18756103515625
/content/video/0f5675f8_801_clip_008_0050_0060_Y.mp4,1.0,187,chidan_DiThangRePhai,0.25377970933914185,526.2684326171875,312.20703125,582.0552978515625,428.679443359375
/content/video/0f5675f8_801_clip_008_0050_0060_Y.mp4,2.0,175,chiDanChu,0.8732669949531555,509.39923095703125,258.25897216796875,690.7689819335938,382.6630859375
/content/video/0f5675f8_801_clip_008_0050_0060_Y.mp4,2.0,175,chiDanChu,0.8010187745094299,237.80267333984375,247.1016845703125,438.13397216796875,381.824462890625
/content/video/0f5675f8_801_clip_008_0050_0060_Y.mp4,3.0,175,chiDanChu,0.9738650918006897,392.38055419921875,201.14260864257812,611.6067504882812,338.8272399902344
/content/video/0f5675f8_801_clip_008_0050_0060_Y.mp4,3.0,175,chiDanChu,0.865481972694397,697.010009765625,204.080078125,902.77587890625,341.6549072265625
/content/video/0f5675f8_801_clip_008_0050_0060_Y.mp4,4.0,175,chiDanChu,0.9567667841911316,508.7795715332031,155.72891235351562,742.68359375,306.1611633300781
/content/video/0f5675f8_801_clip_008_0050_0060_Y.mp4,4.0,175,chiDanChu,0.8878377676010132,844.610595703125,157.63388061523438,1068.572998046875,298.9224548339844
/content/video/0f5675f8_801_clip_008_0050_0060_Y.mp4,4.0,265,denXanh,0.31660836935043335,439.46563720703125,408.03387451171875,485.66595458984375,462.693603515625
/content/video/0f5675f8_801_clip_008_0050_0060_Y.mp4,4.0,187,chidan_DiThangRePhai,0.30148112773895264,727.951416015625,147.5209197998047,813.91259765625,302.06719970703125
/content/video/0f5675f8_801_clip_008_0050_0060_Y.mp4,4.0,265,denXanh,0.2998042106628418,438.8874816894531,460.2611389160156,483.4950866699219,516.5430908203125
/content/video/0f5675f8_801_clip_008_0050_0060_Y.mp4,4.0,275,hieulenh_HuongDiVongChuongNgaiVatSangPhai,0.2609235346317291,439.7408447265625,461.10626220703125,483.57574462890625,517.0783081054688
/content/video/0f5675f8_801_clip_008_0050_0060_Y.mp4,5.0,175,chiDanChu,0.9175641536712646,604.8518676757812,109.00677490234375,901.9683227539062,278.83612060546875
/content/video/0f5675f8_801_clip_008_0050_0060_Y.mp4,5.0,175,chiDanChu,0.5149677395820618,997.4286499023438,111.66329956054688,1248.45361328125,267.8211975097656
/content/video/0f5675f8_801_clip_008_0050_0060_Y.mp4,5.0,212,chidan_OToDiThang,0.34474456310272217,1272.756591796875,112.74472045898438,1357.959228515625,267.6256103515625
/content/video/0f5675f8_801_clip_008_0050_0060_Y.mp4,5.0,275,hieulenh_HuongDiVongChuongNgaiVatSangPhai,0.28143376111984253,550.3561401367188,448.7572021484375,605.5834350585938,504.065673828125
/content/video/0f5675f8_801_clip_008_0050_0060_Y.mp4,6.0,175,chiDanChu,0.9316030740737915,717.739990234375,61.010009765625,1054.7880859375,236.47579956054688
/content/video/0f5675f8_801_clip_008_0050_0060_Y.mp4,6.0,175,chiDanChu,0.7624815702438354,1145.627685546875,59.71575927734375,1427.64404296875,233.18096923828125
/content/video/0f5675f8_801_clip_008_0050_0060_Y.mp4,6.0,275,hieulenh_HuongDiVongChuongNgaiVatSangPhai,0.3233926296234131,662.68701171875,420.70343017578125,720.65478515625,488.501708984375
/content/video/0f5675f8_801_clip_008_0050_0060_Y.mp4,7.0,175,chiDanChu,0.9501610398292542,844.056640625,0.63232421875,1204.74560546875,194.56838989257812
/content/video/0f5675f8_801_clip_008_0050_0060_Y.mp4,7.0,175,chiDanChu,0.6623521447181702,1289.220947265625,3.810699462890625,1610.68603515625,189.61734008789062
/content/video/0f5675f8_801_clip_008_0050_0060_Y.mp4,7.0,60,cam_DoDungXe,0.473392128944397,768.66162109375,330.2605285644531,834.41162109375,396.3052062988281
/content/video/0f5675f8_801_clip_008_0050_0060_Y.mp4,7.0,59,cam_DiNguocChieu,0.25839468836784363,768.538818359375,331.25848388671875,835.35400390625,398.80279541015625
/content/video/0f5675f8_801_clip_008_0050_0060_Y.mp4,8.0,275,hieulenh_HuongDiVongChuongNgaiVatSangPhai,0.8565579056739807,862.6077880859375,355.21820068359375,935.9359130859375,433.26251220703125
/content/video/0f5675f8_801_clip_008_0050_0060_Y.mp4,8.0,59,cam_DiNguocChieu,0.6811955571174622,861.7491455078125,285.85235595703125,932.4661865234375,356.31536865234375
/content/video/0f5675f8_801_clip_008_0050_0060_Y.mp4,8.0,60,cam_DoDungXe,0.4100439250469208,862.5655517578125,286.23150634765625,933.0965576171875,356.43182373046875
/content/video/0f5675f8_801_clip_008_0050_0060_Y.mp4,8.0,175,chiDanChu,0.3653465509414673,1463.701171875,0.0,1780.293212890625,119.51002502441406
/content/video/0f5675f8_801_clip_008_0050_0060_Y.mp4,8.0,60,cam_DoDungXe,0.2814127206802368,2050.434814453125,389.2027587890625,2105.730224609375,459.85107421875
/content/video/0f5675f8_801_clip_008_0050_0060_Y.mp4,9.0,275,hieulenh_HuongDiVongChuongNgaiVatSangPhai,0.8400791883468628,845.8521728515625,336.7197265625,923.82373046875,411.5860595703125
/content/video/0f5675f8_801_clip_008_0050_0060_Y.mp4,9.0,59,cam_DiNguocChieu,0.718935489654541,844.0169677734375,257.06927490234375,921.3182373046875,333.05108642578125
/content/video/113634a5_900_clip_008_0044_0054_Y.mp4,0.0,45,TocDo_Chu,0.38230422139167786,1355.157470703125,968.6387329101562,1540.907470703125,1027.9345703125
/content/video/113634a5_900_clip_008_0044_0054_Y.mp4,1.0,45,TocDo_Chu,0.46397167444229126,1355.7967529296875,968.578125,1536.31201171875,1028.3536376953125
/content/video/113634a5_900_clip_008_0044_0054_Y.mp4,2.0,45,TocDo_Chu,0.5026673674583435,1353.730224609375,968.5546875,1538.13525390625,1029.126708984375
/content/video/113634a5_900_clip_008_0044_0054_Y.mp4,3.0,45,TocDo_Chu,0.45985254645347595,1354.38720703125,969.211181640625,1538.70263671875,1028.865478515625
/content/video/113634a5_900_clip_008_0044_0054_Y.mp4,6.0,45,TocDo_Chu,0.28349170088768005,1352.529052734375,969.9986572265625,1539.307373046875,1027.773193359375
/content/video/113634a5_900_clip_008_0044_0054_Y.mp4,7.0,45,TocDo_Chu,0.28136971592903137,1352.638427734375,969.0661010742188,1538.2254638671875,1028.32373046875
/content/video/113634a5_900_clip_008_0044_0054_Y.mp4,8.0,45,TocDo_Chu,0.35369694232940674,1354.254150390625,969.4971313476562,1541.83056640625,1029.1806640625
/content/video/12d2fa06_1000_clip_008_0054_0060_Y.mp4,4.0,45,TocDo_Chu,0.26809626817703247,635.1783447265625,1350.125244140625,789.7337646484375,1406.112060546875
/content/video/175ba98d_1000_clip_002_0008_0018_Y.mp4,0.0,275,hieulenh_HuongDiVongChuongNgaiVatSangPhai,0.8540025353431702,268.9898376464844,404.46728515625,356.7578430175781,519.259765625
/content/video/175ba98d_1000_clip_002_0008_0018_Y.mp4,0.0,59,cam_DiNguocChieu,0.8352876305580139,279.753173828125,297.87139892578125,364.2513427734375,405.9373779296875
/content/video/175ba98d_1000_clip_002_0008_0018_Y.mp4,0.0,45,TocDo_Chu,0.28364184498786926,614.997802734375,1345.7086181640625,782.78466796875,1407.3822021484375
/content/video/175ba98d_1000_clip_002_0008_0018_Y.mp4,1.0,275,hieulenh_HuongDiVongChuongNgaiVatSangPhai,0.8799980878829956,109.13092041015625,345.10577392578125,224.22543334960938,495.19244384765625
/content/video/175ba98d_1000_clip_002_0008_0018_Y.mp4,1.0,59,cam_DiNguocChieu,0.8490459322929382,121.80181121826172,203.9345703125,239.488037109375,342.79620361328125
/content/video/175ba98d_1000_clip_002_0008_0018_Y.mp4,2.0,275,hieulenh_HuongDiVongChuongNgaiVatSangPhai,0.3735068738460541,0.0,231.27175903320312,42.74070739746094,403.5075988769531
/content/video/17be3111_792_clip_005_0027_0037_N.mp4,0.0,355,vach_ke_duong_chuyen_lan,0.42733368277549744,1391.521240234375,797.185302734375,1778.026123046875,1082.1239013671875
/content/video/17be3111_792_clip_005_0027_0037_N.mp4,1.0,355,vach_ke_duong_chuyen_lan,0.5927802920341492,1360.412109375,764.927001953125,1582.123046875,945.41015625
/content/video/17be3111_792_clip_005_0027_0037_N.mp4,2.0,355,vach_ke_duong_chuyen_lan,0.6659850478172302,1358.7935791015625,769.5479736328125,1591.5614013671875,951.98291015625
/content/video/17be3111_792_clip_005_0027_0037_N.mp4,3.0,355,vach_ke_duong_chuyen_lan,0.41566744446754456,1357.4736328125,762.8418579101562,1577.78759765625,959.6469116210938
/content/video/17be3111_792_clip_005_0027_0037_N.mp4,4.0,45,TocDo_Chu,0.33150848746299744,624.39599609375,1349.4053955078125,784.6494140625,1405.6883544921875
/content/video/17be3111_792_clip_005_0027_0037_N.mp4,5.0,355,vach_ke_duong_chuyen_lan,0.25344377756118774,1417.802001953125,823.658203125,1740.28125,1077.6407470703125
/content/video/17be3111_792_clip_005_0027_0037_N.mp4,6.0,355,vach_ke_duong_chuyen_lan,0.28825631737709045,1362.65380859375,785.98193359375,1694.29443359375,1060.18994140625
/content/video/17be3111_792_clip_005_0027_0037_N.mp4,7.0,45,TocDo_Chu,0.4941924214363098,629.818359375,1349.15966796875,798.1728515625,1406.49560546875
/content/video/17be3111_792_clip_005_0027_0037_N.mp4,9.0,45,TocDo_Chu,0.2638784646987915,631.688232421875,1350.06591796875,784.311279296875,1406.2177734375
/content/video/17d2582e_792_clip_009_0051_0060_N.mp4,0.0,355,vach_ke_duong_chuyen_lan,0.8175482749938965,1349.93212890625,740.998779296875,1636.6728515625,1043.1246337890625
/content/video/17d2582e_792_clip_009_0051_0060_N.mp4,1.0,355,vach_ke_duong_chuyen_lan,0.2694999873638153,1333.34765625,761.4427490234375,1672.35595703125,1073.6820068359375
/content/video/17d2582e_792_clip_009_0051_0060_N.mp4,1.0,355,vach_ke_duong_chuyen_lan,0.25794410705566406,1341.5057373046875,755.4725341796875,1519.7313232421875,931.375732421875
/content/video/17d2582e_792_clip_009_0051_0060_N.mp4,2.0,355,vach_ke_duong_chuyen_lan,0.7633130550384521,1323.25244140625,738.492431640625,1554.6181640625,967.1416015625
/content/video/17d2582e_792_clip_009_0051_0060_N.mp4,3.0,355,vach_ke_duong_chuyen_lan,0.6060855388641357,1305.2957763671875,749.288818359375,1622.0531005859375,1037.15478515625
/content/video/17d2582e_792_clip_009_0051_0060_N.mp4,7.0,45,TocDo_Chu,0.47227153182029724,630.55712890625,1350.0849609375,803.683837890625,1409.134033203125
/content/video/18c8a616_792_clip_002_0009_0015_N.mp4,5.0,68,cam_DoXe,0.5997024774551392,1943.0389404296875,370.43829345703125,2016.4735107421875,454.95745849609375
/content/video/1931e9ee_800_clip_001_0000_0009_Y.mp4,0.0,47,VachLienVang,0.2736934423446655,339.27032470703125,750.8199462890625,696.9963989257812,940.2059326171875
/content/video/1931e9ee_800_clip_001_0000_0009_Y.mp4,1.0,47,VachLienVang,0.4131554663181305,359.3492431640625,750.1843872070312,705.357177734375,941.2109985351562
/content/video/1931e9ee_800_clip_001_0000_0009_Y.mp4,2.0,47,VachLienVang,0.3703305721282959,371.6226806640625,746.489990234375,712.8306274414062,941.19921875
/content/video/1931e9ee_800_clip_001_0000_0009_Y.mp4,3.0,47,VachLienVang,0.3141207993030548,373.5573425292969,753.7840576171875,708.37060546875,939.62255859375
/content/video/1b049863_806_clip_005_0032_0041_Y.mp4,0.0,22,NguyHiem_DiCham,0.3428574800491333,1663.687255859375,295.37115478515625,1769.578369140625,398.74969482421875
/content/video/1b049863_806_clip_005_0032_0041_Y.mp4,0.0,45,TocDo_Chu,0.30729445815086365,639.2886962890625,1348.32568359375,798.0474853515625,1405.85302734375
/content/video/1b049863_806_clip_005_0032_0041_Y.mp4,1.0,355,vach_ke_duong_chuyen_lan,0.3642190992832184,916.8310546875,764.525390625,1158.080078125,1008.159912109375
/content/video/1b049863_806_clip_005_0032_0041_Y.mp4,1.0,22,NguyHiem_DiCham,0.2995198369026184,1890.60595703125,73.2374267578125,2043.622314453125,229.56741333007812
/content/video/1b049863_806_clip_005_0032_0041_Y.mp4,2.0,355,vach_ke_duong_chuyen_lan,0.3508020043373108,842.7742919921875,747.8182373046875,1183.290283203125,1040.9710693359375
/content/video/1b049863_806_clip_005_0032_0041_Y.mp4,3.0,45,TocDo_Chu,0.76480633020401,641.7879638671875,1350.104736328125,801.92724609375,1409.852783203125
/content/video/1b049863_806_clip_005_0032_0041_Y.mp4,4.0,351,vachKeDuongLien,0.26240453124046326,1412.5927734375,823.10205078125,1683.68994140625,1039.11865234375
/content/video/1b049863_806_clip_005_0032_0041_Y.mp4,5.0,45,TocDo_Chu,0.28481119871139526,636.35546875,1349.707763671875,802.7001953125,1407.652099609375
/content/video/1b049863_806_clip_005_0032_0041_Y.mp4,6.0,45,TocDo_Chu,0.4469723105430603,638.1812744140625,1349.164306640625,803.3746337890625,1408.732666015625
/content/video/1b049863_806_clip_005_0032_0041_Y.mp4,7.0,45,TocDo_Chu,0.3022231459617615,634.7530517578125,1350.275146484375,810.294921875,1409.585693359375
/content/video/1b049863_806_clip_005_0032_0041_Y.mp4,8.0,355,vach_ke_duong_chuyen_lan,0.4100794494152069,951.2138671875,730.0220947265625,1209.819580078125,942.5880126953125
/content/video/1bb43332_1000_clip_005_0027_0036_Y.mp4,6.0,328,phu_ChuYQuanSat,0.271236777305603,1957.640625,445.2489013671875,2028.27392578125,491.76318359375
/content/video/1bb43332_1000_clip_005_0027_0036_Y.mp4,6.0,106,cam_ReTrai,0.26749464869499207,1958.434814453125,394.59588623046875,2025.655517578125,451.49285888671875
/content/video/1bb43332_1000_clip_005_0027_0036_Y.mp4,7.0,60,cam_DoDungXe,0.26276645064353943,1797.965576171875,414.51959228515625,1850.813232421875,471.88739013671875
/content/video/1bb43332_1000_clip_005_0027_0036_Y.mp4,8.0,355,vach_ke_duong_chuyen_lan,0.3783514201641083,1424.5556640625,773.9833984375,1804.3203125,1034.417236328125
/content/video/1beaf6ac_801_clip_007_0037_0047_Y.mp4,0.0,355,vach_ke_duong_chuyen_lan,0.3575379252433777,559.4425048828125,806.114013671875,1020.0648193359375,1077.67333984375
/content/video/1beaf6ac_801_clip_007_0037_0047_Y.mp4,1.0,355,vach_ke_duong_chuyen_lan,0.49424460530281067,550.86328125,808.1566162109375,1022.12646484375,1081.0498046875
/content/video/1beaf6ac_801_clip_007_0037_0047_Y.mp4,2.0,355,vach_ke_duong_chuyen_lan,0.43572914600372314,546.2672119140625,808.468994140625,1013.07666015625,1084.9541015625
/content/video/1beaf6ac_801_clip_007_0037_0047_Y.mp4,3.0,355,vach_ke_duong_chuyen_lan,0.2991499602794647,715.3803100585938,823.5908203125,1001.4733276367188,1009.53759765625
/content/video/1c11f735_944_clip_017_0119_0129_Y.mp4,1.0,47,VachLienVang,0.66019207239151,428.35455322265625,717.0855102539062,756.7417602539062,948.7657470703125
/content/video/1c11f735_944_clip_017_0119_0129_Y.mp4,2.0,47,VachLienVang,0.7365310788154602,409.541748046875,717.6117553710938,714.2257080078125,946.3304443359375
/content/video/1c11f735_944_clip_017_0119_0129_Y.mp4,3.0,47,VachLienVang,0.5530322194099426,356.0785217285156,717.4375,704.955322265625,939.2674560546875
/content/video/1c11f735_944_clip_017_0119_0129_Y.mp4,8.0,46,VachDutVang,0.46464937925338745,366.7384948730469,690.9383544921875,729.2224731445312,952.5947265625
/content/video/1f15c7b6_1000_clip_002_0010_0015_Y.mp4,0.0,175,chiDanChu,0.8853722214698792,1721.86865234375,122.26947021484375,2002.176025390625,294.40155029296875
/content/video/1f15c7b6_1000_clip_002_0010_0015_Y.mp4,1.0,68,cam_DoXe,0.6914706826210022,2352.9501953125,357.9013671875,2404.5712890625,429.5750732421875
/content/video/1f15c7b6_1000_clip_002_0010_0015_Y.mp4,1.0,175,chiDanChu,0.3094164729118347,1536.152099609375,24.923988342285156,1906.525634765625,216.09506225585938
/content/video/1f15c7b6_1000_clip_002_0010_0015_Y.mp4,2.0,355,vach_ke_duong_chuyen_lan,0.3179600238800049,1429.071044921875,762.2110595703125,1727.979736328125,1002.7947998046875
/content/video/1f15c7b6_1000_clip_002_0010_0015_Y.mp4,3.0,45,TocDo_Chu,0.33540698885917664,618.1461181640625,1346.609375,782.1070556640625,1406.2265625
/content/video/1f15c7b6_1000_clip_002_0010_0015_Y.mp4,4.0,45,TocDo_Chu,0.5922507047653198,633.4447021484375,1349.1131591796875,792.9278564453125,1409.1900634765625
/content/video/20500494_1000_clip_001_0000_0010_Y.mp4,4.0,45,TocDo_Chu,0.44732943177223206,614.8983154296875,1347.894775390625,782.588623046875,1405.766845703125
/content/video/20500494_1000_clip_001_0000_0010_Y.mp4,5.0,45,TocDo_Chu,0.3033517599105835,611.1013793945312,1348.98486328125,774.9974975585938,1405.80419921875
/content/video/20500494_1000_clip_001_0000_0010_Y.mp4,6.0,175,chiDanChu,0.68345046043396,2319.95654296875,290.7034912109375,2491.39404296875,410.97998046875
/content/video/20500494_1000_clip_001_0000_0010_Y.mp4,7.0,355,vach_ke_duong_chuyen_lan,0.3597761392593384,2301.854736328125,783.308837890625,2430.125244140625,983.5185546875
/content/video/20500494_1000_clip_001_0000_0010_Y.mp4,9.0,355,vach_ke_duong_chuyen_lan,0.41567090153694153,1799.947998046875,746.0252685546875,1899.381103515625,1052.5836181640625
/content/video/20500494_1000_clip_001_0000_0010_Y.mp4,9.0,175,chiDanChu,0.26308247447013855,1848.503662109375,203.001708984375,2099.110107421875,349.35540771484375
/content/video/2260e70f_806_clip_001_0000_0010_Y.mp4,4.0,45,TocDo_Chu,0.37058258056640625,630.22265625,1348.046630859375,802.912841796875,1408.375244140625
/content/video/2260e70f_806_clip_001_0000_0010_Y.mp4,6.0,355,vach_ke_duong_chuyen_lan,0.2575472891330719,885.37841796875,719.382080078125,997.934814453125,981.967041015625
/content/video/2260e70f_806_clip_001_0000_0010_Y.mp4,7.0,355,vach_ke_duong_chuyen_lan,0.32295602560043335,504.3826904296875,758.5260009765625,720.652587890625,1026.8824462890625
/content/video/2260e70f_806_clip_001_0000_0010_Y.mp4,8.0,355,vach_ke_duong_chuyen_lan,0.27701547741889954,155.51382446289062,762.4193115234375,325.71746826171875,912.53662109375
/content/video/23377bbc_801_clip_002_0010_0015_Y.mp4,0.0,175,chiDanChu,0.39456039667129517,1258.1116943359375,129.23764038085938,1408.1910400390625,217.61221313476562
/content/video/23377bbc_801_clip_002_0010_0015_Y.mp4,2.0,45,TocDo_Chu,0.36002177000045776,615.22998046875,1350.8321533203125,791.03466796875,1406.6641845703125
/content/video/238d6f44_800_clip_015_0109_0117_N.mp4,0.0,175,chiDanChu,0.4024870693683624,1102.6873779296875,577.84912109375,1213.9425048828125,656.24072265625
/content/video/238d6f44_800_clip_015_0109_0117_N.mp4,1.0,175,chiDanChu,0.8077275156974792,1597.9599609375,367.0045166015625,1831.9742431640625,608.1633911132812
/content/video/238d6f44_800_clip_015_0109_0117_N.mp4,2.0,46,VachDutVang,0.4517015814781189,424.4015808105469,717.087890625,729.174560546875,848.08154296875
/content/video/238d6f44_800_clip_015_0109_0117_N.mp4,4.0,175,chiDanChu,0.89725661277771,1458.9947509765625,476.74566650390625,1666.940185546875,660.6586303710938
/content/video/238d6f44_800_clip_015_0109_0117_N.mp4,4.0,293,muiten_DiThang,0.2725604772567749,497.7909851074219,742.3126831054688,673.8272705078125,840.0261840820312
/content/video/238d6f44_800_clip_015_0109_0117_N.mp4,5.0,46,VachDutVang,0.5804179906845093,417.532470703125,685.3140258789062,825.346435546875,870.495849609375
/content/video/286218b8_900_clip_018_0119_0128_Y.mp4,1.0,45,TocDo_Chu,0.2506708800792694,1352.1646728515625,970.9764404296875,1539.037109375,1027.839111328125
/content/video/286218b8_900_clip_018_0119_0128_Y.mp4,2.0,45,TocDo_Chu,0.2763362526893616,1354.640869140625,969.6688842773438,1539.167236328125,1028.231201171875
/content/video/286218b8_900_clip_018_0119_0128_Y.mp4,5.0,45,TocDo_Chu,0.3110126852989197,1357.08056640625,970.2471313476562,1541.7059326171875,1027.626953125
/content/video/286218b8_900_clip_018_0119_0128_Y.mp4,6.0,45,TocDo_Chu,0.3125300109386444,1357.0814208984375,970.040771484375,1538.7607421875,1026.444580078125
/content/video/28a39779_792_clip_001_0000_0007_N.mp4,0.0,45,TocDo_Chu,0.3433322608470917,615.6483154296875,1349.055419921875,795.7938232421875,1407.133056640625
/content/video/28a39779_792_clip_001_0000_0007_N.mp4,0.0,22,NguyHiem_DiCham,0.3275552988052368,2015.021484375,374.6865234375,2092.21240234375,451.37567138671875
/content/video/28a39779_792_clip_001_0000_0007_N.mp4,1.0,295,muiten_DiThangReTrai,0.30232468247413635,1117.4312744140625,838.5670166015625,1319.1439208984375,950.691162109375
/content/video/28a39779_792_clip_001_0000_0007_N.mp4,2.0,294,muiten_DiThangRePhai,0.4069666862487793,1175.88720703125,773.901611328125,1304.134033203125,827.9775390625
/content/video/2b0abedd_867_clip_005_0030_0039_N.mp4,1.0,351,vachKeDuongLien,0.39999380707740784,912.3923950195312,737.5634765625,1413.095703125,982.138916015625
/content/video/2b0abedd_867_clip_005_0030_0039_N.mp4,3.0,11,DienThoaiKhanCap,0.4132581353187561,1138.222412109375,587.0084228515625,1195.1751708984375,675.255126953125
/content/video/2b0abedd_867_clip_005_0030_0039_N.mp4,3.0,351,vachKeDuongLien,0.327664315700531,915.0195922851562,718.3418579101562,1390.4013671875,986.208251953125
/content/video/2b0abedd_867_clip_005_0030_0039_N.mp4,3.0,355,vach_ke_duong_chuyen_lan,0.2714921236038208,584.78759765625,724.698974609375,804.7575073242188,896.9796142578125
/content/video/2b0abedd_867_clip_005_0030_0039_N.mp4,4.0,11,DienThoaiKhanCap,0.4403117895126343,1637.6671142578125,455.9680480957031,1731.5650634765625,659.1400146484375
/content/video/2b0abedd_867_clip_005_0030_0039_N.mp4,6.0,355,vach_ke_duong_chuyen_lan,0.4211149513721466,855.3660278320312,742.3114013671875,983.4955444335938,974.5986328125
/content/video/2b0abedd_867_clip_005_0030_0039_N.mp4,7.0,355,vach_ke_duong_chuyen_lan,0.4319995045661926,859.3577270507812,717.2335815429688,994.0808715820312,904.043701171875
/content/video/2c55aef7_900_clip_016_0108_0114_Y.mp4,0.0,45,TocDo_Chu,0.32368314266204834,1351.720947265625,972.3594360351562,1533.452392578125,1026.872314453125
/content/video/2c55aef7_900_clip_016_0108_0114_Y.mp4,1.0,45,TocDo_Chu,0.2525300085544586,1353.799560546875,970.9821166992188,1536.065673828125,1026.726318359375
/content/video/2c55aef7_900_clip_016_0108_0114_Y.mp4,3.0,45,TocDo_Chu,0.46186167001724243,1355.389404296875,972.9494018554688,1533.020751953125,1025.2109375
/content/video/2c55aef7_900_clip_016_0108_0114_Y.mp4,4.0,355,vach_ke_duong_chuyen_lan,0.31905755400657654,752.6805419921875,691.796142578125,916.925048828125,942.6725463867188
/content/video/2defe193_985_clip_002_0009_0019_N.mp4,2.0,45,TocDo_Chu,0.510205090045929,609.9278564453125,1347.4912109375,776.3541259765625,1408.05078125
/content/video/2defe193_985_clip_002_0009_0019_N.mp4,2.0,22,NguyHiem_DiCham,0.358009934425354,1305.1217041015625,333.9589538574219,1382.3382568359375,383.3119812011719
/content/video/2f923996_800_clip_002_0009_0016_Y.mp4,2.0,45,TocDo_Chu,0.5513852834701538,276.23931884765625,61.43408203125,1491.424072265625,999.275390625
/content/video/2f923996_800_clip_002_0009_0016_Y.mp4,4.0,46,VachDutVang,0.3562893569469452,411.10089111328125,735.7326049804688,752.174560546875,958.6957397460938
/content/video/2f923996_800_clip_002_0009_0016_Y.mp4,5.0,46,VachDutVang,0.275003045797348,589.5081787109375,732.3133544921875,759.3836669921875,831.893310546875
/content/video/341c6494_1000_clip_005_0028_0035_Y.mp4,0.0,275,hieulenh_HuongDiVongChuongNgaiVatSangPhai,0.28041428327560425,575.8036499023438,385.33203125,642.4614868164062,459.1641845703125
/content/video/341c6494_1000_clip_005_0028_0035_Y.mp4,1.0,60,cam_DoDungXe,0.27746322751045227,2042.6142578125,201.69850158691406,2106.130859375,289.45458984375
/content/video/341c6494_1000_clip_005_0028_0035_Y.mp4,2.0,355,vach_ke_duong_chuyen_lan,0.30123335123062134,877.7978515625,740.462158203125,1103.3328857421875,1026.2845458984375
/content/video/341c6494_1000_clip_005_0028_0035_Y.mp4,2.0,45,TocDo_Chu,0.29888471961021423,628.437744140625,1348.48193359375,803.7822265625,1410.356689453125
/content/video/341c6494_1000_clip_005_0028_0035_Y.mp4,4.0,45,TocDo_Chu,0.32044467329978943,627.4212646484375,1348.99072265625,804.4515380859375,1410.990234375
/content/video/341c6494_1000_clip_005_0028_0035_Y.mp4,5.0,45,TocDo_Chu,0.4899234175682068,627.7218017578125,1348.8193359375,803.3070068359375,1409.3515625
/content/video/341c6494_1000_clip_005_0028_0035_Y.mp4,6.0,355,vach_ke_duong_chuyen_lan,0.2867130935192108,953.90380859375,742.6094970703125,1139.890869140625,981.119384765625
/content/video/3605bf54_944_clip_024_0172_0180_Y.mp4,0.0,47,VachLienVang,0.46409597992897034,282.93914794921875,724.987548828125,803.86962890625,929.0608520507812
/content/video/3605bf54_944_clip_024_0172_0180_Y.mp4,2.0,47,VachLienVang,0.4793955981731415,304.38153076171875,730.5665283203125,822.8464965820312,931.11083984375
/content/video/3605bf54_944_clip_024_0172_0180_Y.mp4,3.0,47,VachLienVang,0.7445988059043884,286.9148254394531,726.0701904296875,828.8534545898438,939.0072021484375
/content/video/3605bf54_944_clip_024_0172_0180_Y.mp4,4.0,60,cam_DoDungXe,0.4133594334125519,1592.713623046875,428.1136779785156,1678.730712890625,540.010498046875
/content/video/3605bf54_944_clip_024_0172_0180_Y.mp4,5.0,47,VachLienVang,0.4224073588848114,266.6353454589844,726.4689331054688,800.6788330078125,931.9674682617188
/content/video/37cc863b_800_clip_008_0054_0062_N.mp4,1.0,46,VachDutVang,0.27122774720191956,314.6280517578125,709.3338623046875,748.298095703125,952.417724609375
/content/video/37cc863b_800_clip_008_0054_0062_N.mp4,2.0,46,VachDutVang,0.34774062037467957,336.7630615234375,736.477294921875,718.0650634765625,944.8868408203125
/content/video/37cc863b_800_clip_008_0054_0062_N.mp4,3.0,46,VachDutVang,0.3984672427177429,469.3803405761719,722.219482421875,750.5316162109375,878.3046875
/content/video/37cc863b_800_clip_008_0054_0062_N.mp4,5.0,46,VachDutVang,0.8848596811294556,421.8628234863281,727.49267578125,752.0828857421875,912.9678955078125
/content/video/37cc863b_800_clip_008_0054_0062_N.mp4,6.0,46,VachDutVang,0.28849077224731445,560.9617919921875,741.50537109375,737.47314453125,829.871337890625
/content/video/37f8a88b_884_clip_001_0000_0010_Y.mp4,0.0,45,TocDo_Chu,0.7833827137947083,1550.0980224609375,1849.3389892578125,1805.5830078125,1939.162841796875
/content/video/37f8a88b_884_clip_001_0000_0010_Y.mp4,2.0,45,TocDo_Chu,0.42334720492362976,1548.7833251953125,1850.0189208984375,1805.1507568359375,1941.310302734375
/content/video/37f8a88b_884_clip_001_0000_0010_Y.mp4,3.0,45,TocDo_Chu,0.26446741819381714,1550.63818359375,1850.39599609375,1804.9022216796875,1943.2550048828125
/content/video/37f8a88b_884_clip_001_0000_0010_Y.mp4,6.0,45,TocDo_Chu,0.4826670289039612,1549.103759765625,1850.333984375,1806.5927734375,1942.9539794921875
/content/video/37f8a88b_884_clip_001_0000_0010_Y.mp4,7.0,45,TocDo_Chu,0.7752454280853271,1548.409423828125,1848.8819580078125,1807.8343505859375,1942.567626953125
/content/video/37f8a88b_884_clip_001_0000_0010_Y.mp4,8.0,45,TocDo_Chu,0.34307923913002014,1554.5126953125,1853.9813232421875,1802.51171875,1938.5672607421875
/content/video/37f8a88b_884_clip_001_0000_0010_Y.mp4,9.0,45,TocDo_Chu,0.5643779635429382,1548.0758056640625,1852.0238037109375,1806.3466796875,1940.5821533203125
/content/video/3a3c563e_1000_clip_002_0006_0016_Y.mp4,0.0,45,TocDo_Chu,0.277055025100708,607.0782470703125,1347.4013671875,784.8294677734375,1406.6572265625
/content/video/3a3c563e_1000_clip_002_0006_0016_Y.mp4,1.0,45,TocDo_Chu,0.34802383184432983,607.0863037109375,1347.5875244140625,785.1676025390625,1407.2025146484375
/content/video/3a3c563e_1000_clip_002_0006_0016_Y.mp4,2.0,45,TocDo_Chu,0.2751641571521759,607.435791015625,1348.2476806640625,785.196044921875,1407.7950439453125
/content/video/3a3c563e_1000_clip_002_0006_0016_Y.mp4,4.0,45,TocDo_Chu,0.25503861904144287,605.412353515625,1346.478271484375,782.47265625,1407.322998046875
/content/video/3a3c563e_1000_clip_002_0006_0016_Y.mp4,5.0,60,cam_DoDungXe,0.39834654331207275,2439.14892578125,390.2498779296875,2485.88623046875,472.715087890625
/content/video/3a3c563e_1000_clip_002_0006_0016_Y.mp4,5.0,293,muiten_DiThang,0.33050307631492615,1241.30810546875,764.555908203125,1352.05224609375,832.3206787109375
/content/video/3a3c563e_1000_clip_002_0006_0016_Y.mp4,6.0,293,muiten_DiThang,0.651063084602356,222.28143310546875,932.0101928710938,609.9358520507812,1139.91357421875
/content/video/3a3c563e_1000_clip_002_0006_0016_Y.mp4,7.0,355,vach_ke_duong_chuyen_lan,0.2801034152507782,1285.894775390625,717.419677734375,1702.179931640625,1035.500732421875
/content/video/3a3c563e_1000_clip_002_0006_0016_Y.mp4,8.0,355,vach_ke_duong_chuyen_lan,0.5370546579360962,1272.138916015625,698.6464233398438,1533.624755859375,949.8482055664062
/content/video/3d1a85dd_792_clip_005_0024_0034_N.mp4,0.0,293,muiten_DiThang,0.5740832686424255,1150.726318359375,800.325927734375,1238.414306640625,897.542724609375
/content/video/3d1a85dd_792_clip_005_0024_0034_N.mp4,0.0,293,muiten_DiThang,0.4662450850009918,1581.341064453125,790.934814453125,1733.771728515625,887.47607421875
/content/video/3d1a85dd_792_clip_005_0024_0034_N.mp4,1.0,355,vach_ke_duong_chuyen_lan,0.47013387084007263,1383.400634765625,804.197021484375,1619.282958984375,1029.6475830078125
/content/video/3d1a85dd_792_clip_005_0024_0034_N.mp4,2.0,355,vach_ke_duong_chuyen_lan,0.6009646058082581,1399.00439453125,804.6585693359375,1655.759765625,1039.6607666015625
/content/video/3d1a85dd_792_clip_005_0024_0034_N.mp4,3.0,355,vach_ke_duong_chuyen_lan,0.46581101417541504,1349.50244140625,773.91259765625,1706.477783203125,1077.98095703125
/content/video/3d1a85dd_792_clip_005_0024_0034_N.mp4,5.0,355,vach_ke_duong_chuyen_lan,0.31276488304138184,1357.66357421875,748.147705078125,1766.05517578125,1081.3275146484375
/content/video/3d1a85dd_792_clip_005_0024_0034_N.mp4,6.0,355,vach_ke_duong_chuyen_lan,0.43922367691993713,1343.45458984375,739.910888671875,1731.8623046875,1056.193115234375
/content/video/3d1a85dd_792_clip_005_0024_0034_N.mp4,7.0,355,vach_ke_duong_chuyen_lan,0.7949902415275574,1329.184326171875,728.005859375,1665.791748046875,1001.202880859375
/content/video/3d1a85dd_792_clip_005_0024_0034_N.mp4,8.0,355,vach_ke_duong_chuyen_lan,0.29076841473579407,1318.14892578125,731.806884765625,1586.634765625,939.77294921875
/content/video/3d1a85dd_792_clip_005_0024_0034_N.mp4,9.0,355,vach_ke_duong_chuyen_lan,0.577785074710846,1336.22705078125,751.5858154296875,1671.49560546875,1026.8468017578125
/content/video/3f779cae_985_clip_007_0042_0047_N.mp4,2.0,45,TocDo_Chu,0.2732273042201996,608.4127197265625,1348.1058349609375,774.1871337890625,1404.2335205078125
/content/video/3f779cae_985_clip_007_0042_0047_N.mp4,3.0,60,cam_DoDungXe,0.2728599011898041,1778.4267578125,275.775634765625,1851.07275390625,350.58984375
/content/video/3f779cae_985_clip_007_0042_0047_N.mp4,3.0,106,cam_ReTrai,0.2659027874469757,1779.0999755859375,276.06256103515625,1849.7088623046875,350.10711669921875
/content/video/4027ab7d_792_clip_001_0000_0009_N.mp4,2.0,47,VachLienVang,0.7031298279762268,683.3807373046875,773.7119140625,1073.34521484375,1063.3990478515625
/content/video/4027ab7d_792_clip_001_0000_0009_N.mp4,2.0,22,NguyHiem_DiCham,0.33088448643684387,1780.8221435546875,0.0,1980.2960205078125,153.2366485595703
/content/video/4027ab7d_792_clip_001_0000_0009_N.mp4,3.0,47,VachLienVang,0.7303338646888733,689.456787109375,797.6536865234375,1018.566650390625,1071.5172119140625
/content/video/4027ab7d_792_clip_001_0000_0009_N.mp4,4.0,47,VachLienVang,0.6401520371437073,672.7017822265625,826.2249755859375,907.506591796875,1076.8114013671875
/content/video/4027ab7d_792_clip_001_0000_0009_N.mp4,5.0,197,chidan_LanHonHop,0.3425515592098236,726.015869140625,361.3148193359375,877.208251953125,452.2181396484375
/content/video/4027ab7d_792_clip_001_0000_0009_N.mp4,5.0,45,TocDo_Chu,0.25139617919921875,633.68798828125,1350.832275390625,793.047607421875,1408.355224609375
/content/video/4027ab7d_792_clip_001_0000_0009_N.mp4,6.0,45,TocDo_Chu,0.442352294921875,634.1585693359375,1350.941162109375,791.5045166015625,1410.443115234375
/content/video/4169b9fc_917_clip_005_0037_0044_Y.mp4,0.0,275,hieulenh_HuongDiVongChuongNgaiVatSangPhai,0.5831055045127869,481.11968994140625,556.1326293945312,530.7978515625,611.9508666992188
/content/video/4169b9fc_917_clip_005_0037_0044_Y.mp4,0.0,45,TocDo_Chu,0.4163903295993805,1352.667724609375,968.4120483398438,1537.823974609375,1029.876953125
/content/video/4169b9fc_917_clip_005_0037_0044_Y.mp4,1.0,45,TocDo_Chu,0.513431191444397,1352.38525390625,970.127197265625,1534.28125,1031.2431640625
/content/video/4169b9fc_917_clip_005_0037_0044_Y.mp4,1.0,275,hieulenh_HuongDiVongChuongNgaiVatSangPhai,0.4753248989582062,102.3658676147461,348.0655517578125,201.8017578125,460.68017578125
/content/video/4169b9fc_917_clip_005_0037_0044_Y.mp4,2.0,45,TocDo_Chu,0.3350509703159332,1354.3048095703125,970.8751831054688,1535.34375,1031.344970703125
/content/video/4169b9fc_917_clip_005_0037_0044_Y.mp4,3.0,45,TocDo_Chu,0.3750019073486328,1352.5035400390625,969.349365234375,1533.191650390625,1030.6783447265625
/content/video/4169b9fc_917_clip_005_0037_0044_Y.mp4,4.0,45,TocDo_Chu,0.2843416929244995,1352.0130615234375,969.0496215820312,1533.6064453125,1031.456787109375
/content/video/4169b9fc_917_clip_005_0037_0044_Y.mp4,5.0,45,TocDo_Chu,0.557461142539978,1354.350341796875,972.8399047851562,1538.3369140625,1028.949462890625
/content/video/43cf2fde_1000_clip_006_0036_0045_Y.mp4,2.0,355,vach_ke_duong_chuyen_lan,0.28193798661231995,1364.5159912109375,810.713134765625,1583.0985107421875,1015.228759765625
/content/video/43cf2fde_1000_clip_006_0036_0045_Y.mp4,5.0,45,TocDo_Chu,0.356540322303772,634.960693359375,1349.358154296875,792.8662109375,1407.150146484375
/content/video/43cf2fde_1000_clip_006_0036_0045_Y.mp4,6.0,45,TocDo_Chu,0.6442966461181641,635.0318603515625,1348.9896240234375,794.0045166015625,1409.3572998046875
/content/video/43cf2fde_1000_clip_006_0036_0045_Y.mp4,7.0,45,TocDo_Chu,0.6593837738037109,634.823486328125,1349.511962890625,791.590087890625,1409.387451171875
/content/video/43cf2fde_1000_clip_006_0036_0045_Y.mp4,7.0,68,cam_DoXe,0.35499101877212524,524.0845947265625,587.3699951171875,552.9010009765625,623.866455078125
/content/video/43cf2fde_1000_clip_006_0036_0045_Y.mp4,8.0,68,cam_DoXe,0.5359988808631897,427.384033203125,577.3709716796875,458.41455078125,619.0068359375
/content/video/43cf2fde_1000_clip_006_0036_0045_Y.mp4,8.0,45,TocDo_Chu,0.4059161841869354,632.541748046875,1349.75048828125,788.35546875,1406.7548828125
/content/video/44777442_944_clip_006_0035_0041_Y.mp4,0.0,355,vach_ke_duong_chuyen_lan,0.8585935235023499,890.135498046875,726.534912109375,994.8414306640625,890.8822021484375
/content/video/44777442_944_clip_006_0035_0041_Y.mp4,1.0,355,vach_ke_duong_chuyen_lan,0.38819053769111633,898.0343627929688,746.5711669921875,1077.2041015625,949.2044677734375
/content/video/44790612_820_clip_004_0021_0027_Y.mp4,0.0,275,hieulenh_HuongDiVongChuongNgaiVatSangPhai,0.7850373983383179,550.9042358398438,549.5391845703125,601.0916137695312,598.2166137695312
/content/video/44790612_820_clip_004_0021_0027_Y.mp4,0.0,59,cam_DiNguocChieu,0.5237821340560913,554.887939453125,496.8796691894531,608.2000122070312,550.8558349609375
/content/video/44790612_820_clip_004_0021_0027_Y.mp4,0.0,45,TocDo_Chu,0.2675034701824188,1357.568603515625,969.15966796875,1534.6650390625,1032.280029296875
/content/video/44790612_820_clip_004_0021_0027_Y.mp4,0.0,355,vach_ke_duong_chuyen_lan,0.2527322471141815,864.1616821289062,726.1176147460938,1106.48046875,943.3472900390625
/content/video/44790612_820_clip_004_0021_0027_Y.mp4,1.0,275,hieulenh_HuongDiVongChuongNgaiVatSangPhai,0.883033037185669,188.73422241210938,420.51434326171875,282.73553466796875,520.9241943359375
/content/video/44790612_820_clip_004_0021_0027_Y.mp4,1.0,59,cam_DiNguocChieu,0.6609663367271423,204.74514770507812,312.57781982421875,303.0826721191406,421.63580322265625
/content/video/44790612_820_clip_004_0021_0027_Y.mp4,2.0,45,TocDo_Chu,0.5015356540679932,1356.055908203125,969.3511962890625,1535.0498046875,1028.67626953125
/content/video/44790612_820_clip_004_0021_0027_Y.mp4,3.0,45,TocDo_Chu,0.36431583762168884,1357.141357421875,969.4371337890625,1534.5675048828125,1027.8406982421875
/content/video/44790612_820_clip_004_0021_0027_Y.mp4,4.0,45,TocDo_Chu,0.3758344352245331,1355.1207275390625,969.406494140625,1535.629150390625,1029.1475830078125
/content/video/46685257_985_clip_007_0047_0052_N.mp4,1.0,45,TocDo_Chu,0.3857187330722809,606.8709716796875,1348.7021484375,779.8011474609375,1404.96142578125
/content/video/46685257_985_clip_007_0047_0052_N.mp4,2.0,45,TocDo_Chu,0.480311781167984,606.0016479492188,1347.38427734375,780.6849975585938,1403.90625
/content/video/46685257_985_clip_007_0047_0052_N.mp4,3.0,355,vach_ke_duong_chuyen_lan,0.261944055557251,1416.106689453125,807.7542724609375,1736.753662109375,1084.6575927734375
/content/video/46685257_985_clip_007_0047_0052_N.mp4,4.0,45,TocDo_Chu,0.25076690316200256,609.00927734375,1349.055419921875,783.2281494140625,1404.882568359375
/content/video/48bddb3e_801_clip_008_0052_0060_Y.mp4,0.0,45,TocDo_Chu,0.6350280046463013,633.7144775390625,1351.3133544921875,790.059326171875,1406.2674560546875
/content/video/48bddb3e_801_clip_008_0052_0060_Y.mp4,1.0,45,TocDo_Chu,0.5311442613601685,634.27392578125,1351.318115234375,790.609130859375,1406.251953125
/content/video/48bddb3e_801_clip_008_0052_0060_Y.mp4,2.0,45,TocDo_Chu,0.7985587120056152,634.8984375,1351.599609375,790.157958984375,1406.560546875
/content/video/48bddb3e_801_clip_008_0052_0060_Y.mp4,3.0,45,TocDo_Chu,0.47036290168762207,633.7726440429688,1350.842041015625,792.1403198242188,1406.282470703125
/content/video/48bddb3e_801_clip_008_0052_0060_Y.mp4,4.0,45,TocDo_Chu,0.5281747579574585,633.2935791015625,1350.7921142578125,792.5552978515625,1406.5828857421875
/content/video/48bddb3e_801_clip_008_0052_0060_Y.mp4,5.0,45,TocDo_Chu,0.27162718772888184,625.1142578125,1349.0615234375,786.318603515625,1404.66943359375
/content/video/48bddb3e_801_clip_008_0052_0060_Y.mp4,6.0,45,TocDo_Chu,0.39568090438842773,633.885986328125,1350.2275390625,794.93408203125,1404.58984375
/content/video/48bddb3e_801_clip_008_0052_0060_Y.mp4,7.0,45,TocDo_Chu,0.4648994207382202,633.2041015625,1350.000244140625,790.411376953125,1404.99658203125
/content/video/48f9e3d0_944_clip_021_0153_0162_N.mp4,0.0,47,VachLienVang,0.9850305914878845,299.6865539550781,732.1827392578125,748.576904296875,931.6314697265625
/content/video/48f9e3d0_944_clip_021_0153_0162_N.mp4,1.0,47,VachLienVang,0.507593035697937,312.55487060546875,747.932373046875,745.26171875,929.2377319335938
/content/video/48f9e3d0_944_clip_021_0153_0162_N.mp4,2.0,47,VachLienVang,0.6471741795539856,339.830810546875,729.4195556640625,767.3998413085938,928.4445190429688
/content/video/48f9e3d0_944_clip_021_0153_0162_N.mp4,3.0,47,VachLienVang,0.9540236592292786,336.9615173339844,724.491943359375,766.0751953125,932.9313354492188
/content/video/48f9e3d0_944_clip_021_0153_0162_N.mp4,4.0,47,VachLienVang,0.9533964395523071,340.3219299316406,727.9635009765625,763.279052734375,935.6263427734375
/content/video/48f9e3d0_944_clip_021_0153_0162_N.mp4,5.0,47,VachLienVang,0.5538418292999268,341.36126708984375,730.0169677734375,776.911865234375,924.2054443359375
/content/video/48f9e3d0_944_clip_021_0153_0162_N.mp4,6.0,47,VachLienVang,0.37940266728401184,361.7755432128906,737.8712768554688,761.753173828125,937.4089965820312
/content/video/48f9e3d0_944_clip_021_0153_0162_N.mp4,7.0,47,VachLienVang,0.9065664410591125,356.7155456542969,733.1511840820312,793.4166259765625,944.2532958984375
/content/video/49c10669_1000_clip_005_0031_0036_Y.mp4,2.0,45,TocDo_Chu,0.26072001457214355,629.5380859375,1349.2073974609375,803.343994140625,1410.3189697265625
/content/video/49c10669_1000_clip_005_0031_0036_Y.mp4,4.0,355,vach_ke_duong_chuyen_lan,0.2745363414287567,1360.717041015625,768.2042236328125,1632.755615234375,1021.895263671875
/content/video/4b8c5bdc_801_clip_006_0039_0044_Y.mp4,1.0,22,NguyHiem_DiCham,0.3863423764705658,2017.4306640625,406.80328369140625,2079.83642578125,472.918701171875
/content/video/4b8c5bdc_801_clip_006_0039_0044_Y.mp4,2.0,22,NguyHiem_DiCham,0.5997836589813232,2346.83203125,304.5869140625,2429.7451171875,387.1260986328125
/content/video/504d281f_801_clip_001_0000_0010_Y.mp4,5.0,45,TocDo_Chu,0.26145005226135254,611.537109375,1348.25,776.55615234375,1404.68798828125
/content/video/504d281f_801_clip_001_0000_0010_Y.mp4,7.0,22,NguyHiem_DiCham,0.32209688425064087,1726.88818359375,450.706787109375,1810.51025390625,547.089599609375
/content/video/504d281f_801_clip_001_0000_0010_Y.mp4,7.0,45,TocDo_Chu,0.2501438856124878,601.7929077148438,1347.03076171875,768.2402954101562,1404.107666015625
/content/video/504d281f_801_clip_001_0000_0010_Y.mp4,9.0,45,TocDo_Chu,0.4786979854106903,606.23193359375,1348.63232421875,785.054443359375,1407.688232421875
/content/video/508ebad7_789_clip_010_0073_0083_Y.mp4,0.0,45,TocDo_Chu,0.3096369802951813,1351.345947265625,968.3512573242188,1539.824462890625,1028.27685546875
/content/video/508ebad7_789_clip_010_0073_0083_Y.mp4,1.0,45,TocDo_Chu,0.3366517126560211,1352.1419677734375,970.8253784179688,1541.9586181640625,1027.794921875
/content/video/508ebad7_789_clip_010_0073_0083_Y.mp4,2.0,45,TocDo_Chu,0.3396693170070648,1351.635009765625,971.521240234375,1535.680419921875,1025.6629638671875
/content/video/508ebad7_789_clip_010_0073_0083_Y.mp4,7.0,45,TocDo_Chu,0.3710190951824188,1353.772705078125,971.1491088867188,1539.6741943359375,1026.956787109375
/content/video/50c187fc_806_clip_004_0022_0032_Y.mp4,2.0,355,vach_ke_duong_chuyen_lan,0.40544000267982483,1375.0614013671875,802.964111328125,1648.2679443359375,1040.157958984375
/content/video/50c187fc_806_clip_004_0022_0032_Y.mp4,3.0,355,vach_ke_duong_chuyen_lan,0.5394822359085083,1340.6024169921875,768.8077392578125,1662.4246826171875,1057.8704833984375
/content/video/50c187fc_806_clip_004_0022_0032_Y.mp4,3.0,45,TocDo_Chu,0.4430958032608032,639.746826171875,1348.501708984375,787.5927734375,1406.408935546875
/content/video/50c187fc_806_clip_004_0022_0032_Y.mp4,4.0,355,vach_ke_duong_chuyen_lan,0.5897092223167419,1327.805419921875,775.8214111328125,1660.826416015625,1058.3189697265625
/content/video/50c187fc_806_clip_004_0022_0032_Y.mp4,4.0,355,vach_ke_duong_chuyen_lan,0.2501768171787262,792.8212890625,733.8077392578125,1157.700927734375,1003.0584716796875
/content/video/50c187fc_806_clip_004_0022_0032_Y.mp4,5.0,45,TocDo_Chu,0.4610291123390198,634.6119384765625,1347.48828125,788.05810546875,1407.913330078125
/content/video/50c187fc_806_clip_004_0022_0032_Y.mp4,5.0,355,vach_ke_duong_chuyen_lan,0.37433427572250366,1325.741943359375,782.410400390625,1663.265869140625,1058.799072265625
/content/video/50c187fc_806_clip_004_0022_0032_Y.mp4,6.0,355,vach_ke_duong_chuyen_lan,0.650003969669342,819.6971435546875,760.6173095703125,1165.300537109375,1054.9075927734375
/content/video/50c187fc_806_clip_004_0022_0032_Y.mp4,6.0,355,vach_ke_duong_chuyen_lan,0.5223313570022583,1364.58203125,803.920166015625,1658.7041015625,1064.151123046875
/content/video/50c187fc_806_clip_004_0022_0032_Y.mp4,7.0,355,vach_ke_duong_chuyen_lan,0.5199384093284607,829.1925048828125,752.1319580078125,1173.3629150390625,1038.937255859375
/content/video/50c187fc_806_clip_004_0022_0032_Y.mp4,7.0,355,vach_ke_duong_chuyen_lan,0.3035138249397278,1399.11865234375,807.421875,1683.30322265625,1039.39599609375
/content/video/50c187fc_806_clip_004_0022_0032_Y.mp4,8.0,45,TocDo_Chu,0.42599231004714966,635.369140625,1350.319091796875,786.3270263671875,1407.109130859375
/content/video/50c187fc_806_clip_004_0022_0032_Y.mp4,9.0,328,phu_ChuYQuanSat,0.28874024748802185,1556.841796875,406.4288330078125,1640.480712890625,479.2747802734375
/content/video/50c187fc_806_clip_004_0022_0032_Y.mp4,9.0,24,NguyHiem_TreEm,0.28083378076553345,1556.52685546875,407.900146484375,1640.95947265625,478.23687744140625
/content/video/523ae993_900_clip_001_0000_0005_Y.mp4,0.0,355,vach_ke_duong_chuyen_lan,0.403535395860672,892.6895141601562,707.24267578125,1201.675537109375,921.4161987304688
/content/video/523ae993_900_clip_001_0000_0005_Y.mp4,3.0,355,vach_ke_duong_chuyen_lan,0.29977497458457947,888.6551513671875,709.2063598632812,1121.2591552734375,917.677734375
/content/video/52e2afd9_865_clip_010_0078_0088_Y.mp4,0.0,45,TocDo_Chu,0.586506187915802,1355.571044921875,971.0538940429688,1540.01220703125,1029.0384521484375
/content/video/52e2afd9_865_clip_010_0078_0088_Y.mp4,1.0,45,TocDo_Chu,0.3134417235851288,1353.648193359375,970.6636962890625,1534.436767578125,1028.684326171875
/content/video/52e2afd9_865_clip_010_0078_0088_Y.mp4,6.0,45,TocDo_Chu,0.2760988771915436,1355.2255859375,976.0491943359375,1507.649169921875,1024.932861328125
/content/video/52e2afd9_865_clip_010_0078_0088_Y.mp4,7.0,45,TocDo_Chu,0.5925797820091248,1353.5218505859375,973.9447631835938,1503.5438232421875,1024.952880859375
/content/video/52e2afd9_865_clip_010_0078_0088_Y.mp4,8.0,45,TocDo_Chu,0.33116579055786133,1353.8536376953125,972.588134765625,1504.1700439453125,1025.8443603515625
/content/video/533f5a72_1000_clip_002_0009_0016_Y.mp4,1.0,45,TocDo_Chu,0.2683659791946411,612.059814453125,1348.84765625,787.8310546875,1409.118896484375
/content/video/533f5a72_1000_clip_002_0009_0016_Y.mp4,2.0,10,DaiPhanCachCung,0.2767218351364136,0.54876708984375,643.363037109375,1004.1988525390625,1169.028564453125
/content/video/533f5a72_1000_clip_002_0009_0016_Y.mp4,3.0,293,muiten_DiThang,0.4077971577644348,904.7899169921875,811.442626953125,1039.1881103515625,922.5771484375
/content/video/533f5a72_1000_clip_002_0009_0016_Y.mp4,3.0,295,muiten_DiThangReTrai,0.283294141292572,1343.7493896484375,805.3934326171875,1527.7830810546875,906.0472412109375
/content/video/533f5a72_1000_clip_002_0009_0016_Y.mp4,6.0,45,TocDo_Chu,0.38015878200531006,616.957763671875,1348.1048583984375,793.19921875,1408.1514892578125
/content/video/53ac2ab9_792_clip_003_0013_0022_N.mp4,0.0,45,TocDo_Chu,0.4712548553943634,620.0947875976562,1348.1591796875,783.7288208007812,1406.4921875
/content/video/53ac2ab9_792_clip_003_0013_0022_N.mp4,0.0,60,cam_DoDungXe,0.25497862696647644,2257.64306640625,255.086181640625,2338.52490234375,373.361572265625
/content/video/53ac2ab9_792_clip_003_0013_0022_N.mp4,1.0,45,TocDo_Chu,0.4962161183357239,625.001220703125,1350.3115234375,783.91015625,1407.89697265625
/content/video/53ac2ab9_792_clip_003_0013_0022_N.mp4,3.0,68,cam_DoXe,0.6017718315124512,1523.354248046875,472.6922607421875,1572.59814453125,532.0191650390625
/content/video/53ac2ab9_792_clip_003_0013_0022_N.mp4,4.0,68,cam_DoXe,0.4274667203426361,1598.40869140625,421.83721923828125,1660.07763671875,485.97845458984375
/content/video/53ac2ab9_792_clip_003_0013_0022_N.mp4,4.0,68,cam_DoXe,0.2893112897872925,1604.626953125,522.3502197265625,1658.120849609375,575.3902587890625
/content/video/53ac2ab9_792_clip_003_0013_0022_N.mp4,5.0,68,cam_DoXe,0.28356707096099854,1803.53271484375,437.6671142578125,1891.94677734375,581.95263671875
/content/video/53ac2ab9_792_clip_003_0013_0022_N.mp4,6.0,45,TocDo_Chu,0.3770795464515686,616.89111328125,1349.024169921875,791.8814697265625,1406.829345703125
/content/video/53ac2ab9_792_clip_003_0013_0022_N.mp4,8.0,355,vach_ke_duong_chuyen_lan,0.30138593912124634,1337.5439453125,746.6300048828125,1639.1796875,998.447265625
/content/video/54aebd1b_1000_clip_004_0021_0027_Y.mp4,2.0,47,VachLienVang,0.3695650100708008,877.520263671875,817.5382080078125,1238.867919921875,1071.6915283203125
/content/video/54aebd1b_1000_clip_004_0021_0027_Y.mp4,4.0,313,nguyhiem_GiaoDuongKhongUuTienPhai,0.7106939554214478,2144.985107421875,411.721923828125,2237.661376953125,516.2763671875
/content/video/54aebd1b_1000_clip_004_0021_0027_Y.mp4,4.0,25,NguyHiem_VongPhai,0.31861454248428345,2144.278564453125,414.42962646484375,2237.335693359375,516.2178344726562
/content/video/54aebd1b_1000_clip_004_0021_0027_Y.mp4,4.0,138,cam_XeMay,0.2946963906288147,2120.18408203125,259.20477294921875,2209.9033203125,366.80694580078125
/content/video/54aebd1b_1000_clip_004_0021_0027_Y.mp4,5.0,22,NguyHiem_DiCham,0.3766034245491028,2462.55859375,337.0613098144531,2558.5234375,461.5950622558594
/content/video/56ea57b3_961_clip_004_0017_0026_Y.mp4,5.0,59,cam_DiNguocChieu,0.4395403265953064,1260.1728515625,433.8600769042969,1315.0458984375,500.854248046875
/content/video/56ea57b3_961_clip_004_0017_0026_Y.mp4,6.0,60,cam_DoDungXe,0.4494338929653168,1028.2061767578125,390.6207275390625,1091.8504638671875,463.780029296875
/content/video/56ea57b3_961_clip_004_0017_0026_Y.mp4,7.0,275,hieulenh_HuongDiVongChuongNgaiVatSangPhai,0.5064772367477417,793.6195068359375,440.3492736816406,873.7244873046875,529.4581298828125
/content/video/56ea57b3_961_clip_004_0017_0026_Y.mp4,7.0,59,cam_DiNguocChieu,0.48591482639312744,795.4844970703125,349.55126953125,870.51806640625,443.423583984375
/content/video/56ea57b3_961_clip_004_0017_0026_Y.mp4,8.0,59,cam_DiNguocChieu,0.8253360986709595,529.7785034179688,287.48046875,616.5398559570312,393.511474609375
/content/video/56ea57b3_961_clip_004_0017_0026_Y.mp4,8.0,275,hieulenh_HuongDiVongChuongNgaiVatSangPhai,0.7565697431564331,525.4527587890625,395.03045654296875,611.5968017578125,501.61517333984375
/content/video/5744f596_820_clip_017_0116_0124_Y.mp4,3.0,45,TocDo_Chu,0.33365121483802795,1352.60693359375,971.7280883789062,1508.116943359375,1025.7344970703125
/content/video/5744f596_820_clip_017_0116_0124_Y.mp4,4.0,45,TocDo_Chu,0.26026514172554016,1352.759521484375,968.830078125,1507.41552734375,1023.19921875
/content/video/5744f596_820_clip_017_0116_0124_Y.mp4,5.0,45,TocDo_Chu,0.5272223949432373,1351.478759765625,971.3750610351562,1535.9117431640625,1026.549560546875
/content/video/5744f596_820_clip_017_0116_0124_Y.mp4,6.0,45,TocDo_Chu,0.28829818964004517,1353.1025390625,969.5952758789062,1541.76708984375,1027.53369140625
/content/video/5913f9d3_1000_clip_004_0019_0028_Y.mp4,0.0,355,vach_ke_duong_chuyen_lan,0.4178953766822815,1295.109375,756.946533203125,1693.1572265625,1055.89697265625
/content/video/5913f9d3_1000_clip_004_0019_0028_Y.mp4,1.0,355,vach_ke_duong_chuyen_lan,0.5689882040023804,1276.919921875,759.1011962890625,1581.78076171875,1003.3228759765625
/content/video/5913f9d3_1000_clip_004_0019_0028_Y.mp4,2.0,355,vach_ke_duong_chuyen_lan,0.5198774337768555,1306.26708984375,787.2357177734375,1540.302978515625,976.4114990234375
/content/video/5913f9d3_1000_clip_004_0019_0028_Y.mp4,2.0,355,vach_ke_duong_chuyen_lan,0.2819155752658844,755.4898681640625,819.4195556640625,963.55712890625,977.01123046875
/content/video/5913f9d3_1000_clip_004_0019_0028_Y.mp4,4.0,293,muiten_DiThang,0.6262465119361877,1681.7086181640625,838.294921875,1968.1336669921875,997.4910888671875
/content/video/5913f9d3_1000_clip_004_0019_0028_Y.mp4,4.0,293,muiten_DiThang,0.49191853404045105,1077.566162109375,854.32666015625,1231.96337890625,1026.077880859375
/content/video/5ff595ea_961_clip_003_0017_0024_Y.mp4,6.0,45,TocDo_Chu,0.33485913276672363,633.3873291015625,1350.758544921875,792.4285888671875,1404.738037109375
/content/video/60e7a113_1000_clip_005_0032_0042_Y.mp4,1.0,45,TocDo_Chu,0.5832624435424805,630.034423828125,1349.1591796875,802.4326171875,1409.23583984375
/content/video/60e7a113_1000_clip_005_0032_0042_Y.mp4,6.0,45,TocDo_Chu,0.3266702890396118,630.9290771484375,1349.6942138671875,804.499755859375,1408.4151611328125
/content/video/60e7a113_1000_clip_005_0032_0042_Y.mp4,7.0,68,cam_DoXe,0.4813966453075409,2114.642578125,422.163330078125,2163.939453125,485.7352294921875
/content/video/6160a6b4_792_clip_003_0014_0022_N.mp4,1.0,59,cam_DiNguocChieu,0.36739569902420044,973.217529296875,588.17724609375,1008.5030517578125,626.58251953125
/content/video/6160a6b4_792_clip_003_0014_0022_N.mp4,2.0,59,cam_DiNguocChieu,0.32381030917167664,949.2278442382812,508.0283203125,987.4503784179688,549.19189453125
/content/video/6160a6b4_792_clip_003_0014_0022_N.mp4,3.0,60,cam_DoDungXe,0.5216286778450012,882.2565307617188,431.79046630859375,929.1503295898438,480.86395263671875
/content/video/6160a6b4_792_clip_003_0014_0022_N.mp4,3.0,275,hieulenh_HuongDiVongChuongNgaiVatSangPhai,0.282552570104599,880.8499755859375,483.2421875,931.4686279296875,537.14892578125
/content/video/6160a6b4_792_clip_003_0014_0022_N.mp4,4.0,275,hieulenh_HuongDiVongChuongNgaiVatSangPhai,0.8446069955825806,721.7906494140625,414.8944091796875,789.730224609375,491.83856201171875
/content/video/6160a6b4_792_clip_003_0014_0022_N.mp4,4.0,59,cam_DiNguocChieu,0.58818519115448,723.4861450195312,341.0648193359375,791.3584594726562,413.81561279296875
/content/video/6160a6b4_792_clip_003_0014_0022_N.mp4,4.0,48,VachNguoiDiBo,0.3145938217639923,954.1670532226562,845.55712890625,1719.36767578125,1033.969482421875
/content/video/6160a6b4_792_clip_003_0014_0022_N.mp4,5.0,59,cam_DiNguocChieu,0.4621136784553528,250.35513305664062,65.50384521484375,349.4902038574219,197.143798828125
/content/video/6160a6b4_792_clip_003_0014_0022_N.mp4,5.0,45,TocDo_Chu,0.43392640352249146,631.4610595703125,1350.430419921875,808.1925048828125,1408.997314453125
/content/video/6160a6b4_792_clip_003_0014_0022_N.mp4,6.0,45,TocDo_Chu,0.35637491941452026,628.752197265625,1348.038330078125,795.387451171875,1408.131591796875
/content/video/6160a6b4_792_clip_003_0014_0022_N.mp4,7.0,355,vach_ke_duong_chuyen_lan,0.31262120604515076,1413.9173583984375,748.8900146484375,1552.4400634765625,989.0003662109375
/content/video/64d6dfbf_944_clip_004_0018_0026_Y.mp4,2.0,47,VachLienVang,0.3911629021167755,298.5021667480469,741.168212890625,796.3648681640625,936.7677001953125
/content/video/64d6dfbf_944_clip_004_0018_0026_Y.mp4,4.0,22,NguyHiem_DiCham,0.30321675539016724,1286.297119140625,575.41015625,1332.5322265625,622.4946899414062
/content/video/6694c343_792_clip_001_0000_0005_N.mp4,0.0,355,vach_ke_duong_chuyen_lan,0.3655652701854706,1324.39501953125,804.660888671875,1581.5400390625,989.4658203125
/content/video/6694c343_792_clip_001_0000_0005_N.mp4,3.0,355,vach_ke_duong_chuyen_lan,0.6275081634521484,1299.259521484375,759.3896484375,1764.809814453125,1081.698486328125
/content/video/68586eba_944_clip_020_0145_0153_Y.mp4,0.0,46,VachDutVang,0.8195689916610718,313.3424987792969,726.260009765625,773.07421875,952.2284545898438
/content/video/68586eba_944_clip_020_0145_0153_Y.mp4,4.0,47,VachLienVang,0.9337294697761536,325.7743225097656,739.307373046875,768.193359375,933.4085083007812
/content/video/68586eba_944_clip_020_0145_0153_Y.mp4,5.0,47,VachLienVang,0.6961935758590698,324.8921813964844,729.06982421875,764.5113525390625,938.941162109375
/content/video/688c7015_865_clip_013_0102_0111_Y.mp4,1.0,45,TocDo_Chu,0.29691359400749207,1354.981689453125,973.2328491210938,1506.9495849609375,1026.211669921875
/content/video/688c7015_865_clip_013_0102_0111_Y.mp4,5.0,265,denXanh,0.5667588710784912,1132.47021484375,118.62911224365234,1174.185546875,160.24789428710938
/content/video/688c7015_865_clip_013_0102_0111_Y.mp4,7.0,45,TocDo_Chu,0.5046762228012085,1352.051513671875,968.8939819335938,1538.41845703125,1029.322021484375
/content/video/6aedfdc7_944_clip_016_0110_0119_Y.mp4,0.0,46,VachDutVang,0.5074726939201355,296.16131591796875,739.9425048828125,699.8541259765625,922.1204833984375
/content/video/6aedfdc7_944_clip_016_0110_0119_Y.mp4,5.0,46,VachDutVang,0.27593994140625,497.1045227050781,700.586181640625,784.9949951171875,828.616455078125
/content/video/6aedfdc7_944_clip_016_0110_0119_Y.mp4,6.0,46,VachDutVang,0.5326359272003174,301.4447937011719,700.81982421875,803.6131591796875,940.461669921875
/content/video/6b8e869f_916_clip_006_0040_0048_Y.mp4,1.0,351,vachKeDuongLien,0.5135753154754639,699.1578369140625,1226.77978515625,1134.686767578125,1502.3756103515625
/content/video/6b8e869f_916_clip_006_0040_0048_Y.mp4,2.0,351,vachKeDuongLien,0.5458118319511414,709.4531860351562,1235.5157470703125,1139.56201171875,1501.2896728515625
/content/video/6b8e869f_916_clip_006_0040_0048_Y.mp4,2.0,351,vachKeDuongLien,0.2888105511665344,1299.56298828125,1216.7037353515625,1915.957275390625,1517.7445068359375
/content/video/6b8e869f_916_clip_006_0040_0048_Y.mp4,3.0,351,vachKeDuongLien,0.31099143624305725,704.0567016601562,1226.1937255859375,1134.728271484375,1502.11328125
/content/video/6b8e869f_916_clip_006_0040_0048_Y.mp4,5.0,351,vachKeDuongLien,0.6176254749298096,687.754638671875,1247.5107421875,1114.3297119140625,1504.0589599609375
/content/video/6b8e869f_916_clip_006_0040_0048_Y.mp4,6.0,351,vachKeDuongLien,0.6002219915390015,695.6018676757812,1248.8089599609375,1112.4100341796875,1506.888427734375
/content/video/6b8e869f_916_clip_006_0040_0048_Y.mp4,6.0,351,vachKeDuongLien,0.3353247344493866,1335.3143310546875,1239.3404541015625,1809.5662841796875,1528.403076171875
/content/video/6c6fa611_985_clip_001_0000_0008_N.mp4,1.0,355,vach_ke_duong_chuyen_lan,0.31118252873420715,1331.0797119140625,746.1640014648438,1532.7608642578125,953.8505249023438
/content/video/6c6fa611_985_clip_001_0000_0008_N.mp4,2.0,355,vach_ke_duong_chuyen_lan,0.35291820764541626,1325.064453125,748.7213745117188,1544.923828125,974.3483276367188
/content/video/6c6fa611_985_clip_001_0000_0008_N.mp4,3.0,355,vach_ke_duong_chuyen_lan,0.4445699453353882,1327.74072265625,746.1275634765625,1548.8427734375,971.365966796875
/content/video/6c6fa611_985_clip_001_0000_0008_N.mp4,4.0,355,vach_ke_duong_chuyen_lan,0.7806605100631714,1324.75439453125,748.4227294921875,1579.91162109375,1005.2147216796875
/content/video/6c6fa611_985_clip_001_0000_0008_N.mp4,5.0,355,vach_ke_duong_chuyen_lan,0.578506588935852,1332.489013671875,734.373779296875,1614.235595703125,1072.8089599609375
/content/video/6f92f25e_792_clip_008_0042_0051_N.mp4,0.0,355,vach_ke_duong_chuyen_lan,0.3581761121749878,1303.726318359375,716.7163696289062,1514.743408203125,934.5912475585938
/content/video/6f92f25e_792_clip_008_0042_0051_N.mp4,1.0,355,vach_ke_duong_chuyen_lan,0.6291682720184326,1295.572509765625,734.968505859375,1552.073486328125,1002.385498046875
/content/video/6f92f25e_792_clip_008_0042_0051_N.mp4,2.0,355,vach_ke_duong_chuyen_lan,0.6182892322540283,1309.58447265625,766.6761474609375,1580.6943359375,1065.733642578125
/content/video/6f92f25e_792_clip_008_0042_0051_N.mp4,3.0,355,vach_ke_duong_chuyen_lan,0.43722859025001526,1307.96435546875,767.8232421875,1469.308837890625,937.94091796875
/content/video/6f92f25e_792_clip_008_0042_0051_N.mp4,4.0,59,cam_DiNguocChieu,0.39163562655448914,286.95538330078125,557.02490234375,318.27813720703125,588.8870849609375
/content/video/6f92f25e_792_clip_008_0042_0051_N.mp4,4.0,275,hieulenh_HuongDiVongChuongNgaiVatSangPhai,0.26290392875671387,2358.32666015625,280.8604736328125,2473.8828125,445.4244384765625
/content/video/6f92f25e_792_clip_008_0042_0051_N.mp4,7.0,355,vach_ke_duong_chuyen_lan,0.46227747201919556,1442.8310546875,716.172607421875,1568.09765625,979.589111328125
/content/video/6f92f25e_792_clip_008_0042_0051_N.mp4,8.0,355,vach_ke_duong_chuyen_lan,0.5968611836433411,1380.553466796875,715.623291015625,1600.754638671875,1014.196044921875
/content/video/7129cec7_865_clip_006_0047_0056_Y.mp4,1.0,48,VachNguoiDiBo,0.8341387510299683,0.986297607421875,738.4918212890625,1505.509765625,949.710205078125
/content/video/7129cec7_865_clip_006_0047_0056_Y.mp4,4.0,45,TocDo_Chu,0.5690497159957886,1356.3489990234375,971.4912109375,1551.271728515625,1028.664306640625
/content/video/7129cec7_865_clip_006_0047_0056_Y.mp4,5.0,45,TocDo_Chu,0.6724398732185364,1356.62939453125,971.4212036132812,1540.387451171875,1027.4013671875
/content/video/7129cec7_865_clip_006_0047_0056_Y.mp4,5.0,355,vach_ke_duong_chuyen_lan,0.33717581629753113,894.0673828125,725.8111572265625,961.3624877929688,959.7017211914062
/content/video/7129cec7_865_clip_006_0047_0056_Y.mp4,6.0,45,TocDo_Chu,0.3343854248523712,1357.0924072265625,971.3995971679688,1538.50244140625,1027.09765625
/content/video/7129cec7_865_clip_006_0047_0056_Y.mp4,7.0,45,TocDo_Chu,0.33849748969078064,1353.5782470703125,971.8480224609375,1544.3265380859375,1027.4344482421875
/content/video/71818dcf_806_clip_007_0053_0060_Y.mp4,2.0,45,TocDo_Chu,0.3436576724052429,629.9332275390625,1348.5426025390625,777.9927978515625,1406.1014404296875
/content/video/71818dcf_806_clip_007_0053_0060_Y.mp4,5.0,196,chidan_LanETC,0.26898419857025146,857.4690551757812,335.7872619628906,1014.5477905273438,390.1702575683594
/content/video/7194eae2_908_clip_004_0020_0028_Y.mp4,0.0,45,TocDo_Chu,0.796298623085022,1553.9893798828125,1847.802490234375,1803.1444091796875,1939.604248046875
/content/video/7194eae2_908_clip_004_0020_0028_Y.mp4,1.0,45,TocDo_Chu,0.811640202999115,1546.5849609375,1844.650390625,1807.1240234375,1943.3751220703125
/content/video/7194eae2_908_clip_004_0020_0028_Y.mp4,2.0,45,TocDo_Chu,0.3613581955432892,1547.0296630859375,1851.380126953125,1806.3280029296875,1941.7867431640625
/content/video/7194eae2_908_clip_004_0020_0028_Y.mp4,3.0,45,TocDo_Chu,0.41440117359161377,1548.7060546875,1849.306884765625,1805.6527099609375,1943.0106201171875
/content/video/7194eae2_908_clip_004_0020_0028_Y.mp4,4.0,45,TocDo_Chu,0.4546927213668823,1547.140380859375,1850.638427734375,1806.31884765625,1937.9412841796875
/content/video/7194eae2_908_clip_004_0020_0028_Y.mp4,5.0,45,TocDo_Chu,0.39694562554359436,1546.4112548828125,1849.0126953125,1805.927490234375,1943.06103515625
/content/video/7194eae2_908_clip_004_0020_0028_Y.mp4,7.0,45,TocDo_Chu,0.2804015874862671,1547.0367431640625,1851.10546875,1805.8121337890625,1942.1260986328125
/content/video/74273ca3_789_clip_007_0046_0054_Y.mp4,0.0,68,cam_DoXe,0.28021398186683655,602.6726684570312,649.40234375,631.742919921875,696.7047119140625
/content/video/74273ca3_789_clip_007_0046_0054_Y.mp4,1.0,275,hieulenh_HuongDiVongChuongNgaiVatSangPhai,0.6084168553352356,322.6390380859375,632.7078857421875,374.59344482421875,687.7581787109375
/content/video/74273ca3_789_clip_007_0046_0054_Y.mp4,1.0,59,cam_DiNguocChieu,0.47091004252433777,325.6417541503906,572.895751953125,379.83282470703125,634.0525512695312
/content/video/74273ca3_789_clip_007_0046_0054_Y.mp4,3.0,10,DaiPhanCachCung,0.3121330440044403,4.94586181640625,692.000732421875,623.46630859375,920.1773071289062
/content/video/74273ca3_789_clip_007_0046_0054_Y.mp4,5.0,45,TocDo_Chu,0.40681183338165283,1349.97021484375,971.0943603515625,1535.161865234375,1028.13720703125
/content/video/743b65a2_900_clip_013_0084_0091_Y.mp4,1.0,328,phu_ChuYQuanSat,0.34447211027145386,516.1693115234375,470.9000244140625,608.953369140625,531.6150512695312
/content/video/743b65a2_900_clip_013_0084_0091_Y.mp4,2.0,328,phu_ChuYQuanSat,0.5824919939041138,493.7837219238281,460.0509338378906,592.6983642578125,523.7180786132812
/content/video/743b65a2_900_clip_013_0084_0091_Y.mp4,2.0,22,NguyHiem_DiCham,0.275263249874115,522.4049072265625,278.95068359375,609.1654663085938,365.7628173828125
/content/video/743b65a2_900_clip_013_0084_0091_Y.mp4,3.0,328,phu_ChuYQuanSat,0.4946271777153015,445.4330749511719,423.8609619140625,552.759765625,494.43914794921875
/content/video/743b65a2_900_clip_013_0084_0091_Y.mp4,3.0,45,TocDo_Chu,0.44055601954460144,1345.3128662109375,976.5068359375,1513.4556884765625,1022.9771728515625
/content/video/743b65a2_900_clip_013_0084_0091_Y.mp4,4.0,328,phu_ChuYQuanSat,0.3862948715686798,1402.162353515625,438.5620422363281,1521.1497802734375,530.8548583984375
/content/video/743b65a2_900_clip_013_0084_0091_Y.mp4,4.0,58,cam_CuLyToiThieu3m,0.2654981017112732,1401.1009521484375,309.7646179199219,1523.0228271484375,448.6695556640625
/content/video/743b65a2_900_clip_013_0084_0091_Y.mp4,4.0,328,phu_ChuYQuanSat,0.2606792151927948,348.767333984375,365.1199951171875,475.4371032714844,448.3576354980469
/content/video/743b65a2_900_clip_013_0084_0091_Y.mp4,5.0,328,phu_ChuYQuanSat,0.3676455616950989,153.03378295898438,219.47286987304688,312.8028259277344,335.89691162109375
/content/video/743b65a2_900_clip_013_0084_0091_Y.mp4,5.0,22,NguyHiem_DiCham,0.3090766668319702,254.06080627441406,0.0,375.5389404296875,46.952598571777344
/content/video/743b65a2_900_clip_013_0084_0091_Y.mp4,5.0,22,NguyHiem_DiCham,0.2545248866081238,1613.4927978515625,60.653045654296875,1724.1280517578125,182.96401977539062
/content/video/74fd33d1_1000_clip_006_0043_0053_Y.mp4,1.0,355,vach_ke_duong_chuyen_lan,0.7477442622184753,1183.2374267578125,803.8465576171875,1400.8563232421875,1080.9691162109375
/content/video/74fd33d1_1000_clip_006_0043_0053_Y.mp4,2.0,355,vach_ke_duong_chuyen_lan,0.527212381362915,1133.0411376953125,794.3831787109375,1278.1024169921875,1080.4749755859375
/content/video/74fd33d1_1000_clip_006_0043_0053_Y.mp4,3.0,355,vach_ke_duong_chuyen_lan,0.32272106409072876,1072.58740234375,759.310302734375,1137.30615234375,935.243408203125
/content/video/74fd33d1_1000_clip_006_0043_0053_Y.mp4,4.0,355,vach_ke_duong_chuyen_lan,0.4774682819843292,961.1466064453125,782.1968994140625,1104.6080322265625,1011.7491455078125
/content/video/74fd33d1_1000_clip_006_0043_0053_Y.mp4,7.0,293,muiten_DiThang,0.5778687596321106,455.0032958984375,866.482421875,769.2783203125,1024.9451904296875
/content/video/74fd33d1_1000_clip_006_0043_0053_Y.mp4,8.0,212,chidan_OToDiThang,0.2807442247867584,316.1966247558594,477.0318603515625,378.6658630371094,562.4066162109375
/content/video/74fd33d1_1000_clip_006_0043_0053_Y.mp4,8.0,355,vach_ke_duong_chuyen_lan,0.2753404974937439,1411.208740234375,760.29541015625,1944.968017578125,1024.2509765625
/content/video/78786140_917_clip_013_0098_0108_Y.mp4,0.0,45,TocDo_Chu,0.5391550064086914,1352.7659912109375,969.3195190429688,1536.206787109375,1031.3603515625
/content/video/78786140_917_clip_013_0098_0108_Y.mp4,1.0,45,TocDo_Chu,0.4914771020412445,1354.7833251953125,969.1159057617188,1535.617431640625,1031.4261474609375
/content/video/78786140_917_clip_013_0098_0108_Y.mp4,2.0,45,TocDo_Chu,0.3922109007835388,1355.0498046875,970.08837890625,1536.26220703125,1031.74072265625
/content/video/78786140_917_clip_013_0098_0108_Y.mp4,5.0,45,TocDo_Chu,0.7911030054092407,1353.3541259765625,971.6170654296875,1536.30712890625,1027.774169921875
/content/video/78786140_917_clip_013_0098_0108_Y.mp4,5.0,265,denXanh,0.3574560284614563,1457.3345947265625,637.8120727539062,1500.343505859375,687.4188232421875
/content/video/78786140_917_clip_013_0098_0108_Y.mp4,7.0,48,VachNguoiDiBo,0.2983398139476776,461.69403076171875,727.1854248046875,1532.435546875,940.4432373046875
/content/video/78786140_917_clip_013_0098_0108_Y.mp4,8.0,45,TocDo_Chu,0.3068636655807495,1352.9649658203125,971.4906005859375,1513.0791015625,1023.1642456054688
/content/video/7ba24588_961_clip_001_0000_0005_Y.mp4,0.0,355,vach_ke_duong_chuyen_lan,0.31486570835113525,2099.91015625,773.0489501953125,2277.9033203125,915.6771240234375
/content/video/7ba24588_961_clip_001_0000_0005_Y.mp4,1.0,60,cam_DoDungXe,0.367228627204895,2130.55615234375,241.7125244140625,2229.31298828125,351.3839111328125
/content/video/7ba24588_961_clip_001_0000_0005_Y.mp4,2.0,68,cam_DoXe,0.2929426431655884,1854.9296875,142.66659545898438,1989.6044921875,272.53485107421875
/content/video/7ba24588_961_clip_001_0000_0005_Y.mp4,3.0,355,vach_ke_duong_chuyen_lan,0.5049977898597717,1100.143310546875,721.65380859375,1354.482177734375,1034.953857421875
/content/video/7ba24588_961_clip_001_0000_0005_Y.mp4,3.0,328,phu_ChuYQuanSat,0.3033424913883209,1610.83837890625,491.82232666015625,1701.50390625,537.3148803710938
/content/video/7ba24588_961_clip_001_0000_0005_Y.mp4,4.0,328,phu_ChuYQuanSat,0.9155279397964478,1619.1705322265625,437.9520568847656,1775.7564697265625,504.7567138671875
/content/video/7ba24588_961_clip_001_0000_0005_Y.mp4,4.0,355,vach_ke_duong_chuyen_lan,0.41565749049186707,1087.348876953125,733.3072509765625,1295.693359375,1048.5615234375
/content/video/7ba24588_961_clip_001_0000_0005_Y.mp4,4.0,328,phu_ChuYQuanSat,0.2747500538825989,1622.0130615234375,468.3330078125,1768.1876220703125,572.489013671875
/content/video/7ba24588_961_clip_001_0000_0005_Y.mp4,4.0,22,NguyHiem_DiCham,0.2714611887931824,1642.377197265625,287.5556640625,1724.410888671875,363.53887939453125
/content/video/7c52fa17_800_clip_022_0156_0161_Y.mp4,1.0,46,VachDutVang,0.6853932738304138,237.48641967773438,710.7003173828125,746.201416015625,917.1861572265625
/content/video/7c52fa17_800_clip_022_0156_0161_Y.mp4,2.0,46,VachDutVang,0.5159836411476135,489.01226806640625,700.764892578125,777.2521362304688,828.9449462890625
/content/video/7c52fa17_800_clip_022_0156_0161_Y.mp4,2.0,22,NguyHiem_DiCham,0.36987927556037903,1258.0682373046875,570.133544921875,1310.8143310546875,626.1921997070312
/content/video/7c52fa17_800_clip_022_0156_0161_Y.mp4,3.0,46,VachDutVang,0.5706785917282104,376.497314453125,702.5570678710938,764.2986450195312,913.206298828125
/content/video/7c52fa17_800_clip_022_0156_0161_Y.mp4,4.0,47,VachLienVang,0.622368335723877,281.22735595703125,713.0131225585938,754.5228271484375,935.4755859375
/content/video/7c52fa17_800_clip_022_0156_0161_Y.mp4,4.0,46,VachDutVang,0.26344650983810425,278.9145812988281,712.6065063476562,751.2557373046875,934.6142578125
/content/video/7d106c60_985_clip_008_0048_0055_N.mp4,0.0,355,vach_ke_duong_chuyen_lan,0.41406330466270447,1329.109375,746.4833984375,1642.1611328125,1060.953857421875
/content/video/7d106c60_985_clip_008_0048_0055_N.mp4,0.0,45,TocDo_Chu,0.3078601360321045,615.8333740234375,1349.458984375,794.1556396484375,1405.20556640625
/content/video/7d106c60_985_clip_008_0048_0055_N.mp4,1.0,355,vach_ke_duong_chuyen_lan,0.3791581094264984,1310.6044921875,748.874267578125,1637.165283203125,1067.24267578125
/content/video/7d106c60_985_clip_008_0048_0055_N.mp4,2.0,355,vach_ke_duong_chuyen_lan,0.4778299033641815,1301.65185546875,739.501953125,1636.3818359375,1082.098388671875
/content/video/7d106c60_985_clip_008_0048_0055_N.mp4,2.0,45,TocDo_Chu,0.3345739543437958,629.7763061523438,1349.576904296875,802.9856567382812,1408.76611328125
/content/video/7d106c60_985_clip_008_0048_0055_N.mp4,3.0,355,vach_ke_duong_chuyen_lan,0.3548235595226288,1315.72314453125,750.7918701171875,1500.412353515625,943.7279052734375
/content/video/7d106c60_985_clip_008_0048_0055_N.mp4,4.0,45,TocDo_Chu,0.45153480768203735,630.5035400390625,1348.197021484375,805.13134765625,1408.512451171875
/content/video/7d106c60_985_clip_008_0048_0055_N.mp4,4.0,355,vach_ke_duong_chuyen_lan,0.449171781539917,1320.5172119140625,741.2567138671875,1539.6776123046875,964.204833984375
/content/video/7d106c60_985_clip_008_0048_0055_N.mp4,5.0,45,TocDo_Chu,0.3250860273838043,629.8851928710938,1349.19140625,803.2839965820312,1407.84228515625
/content/video/7d106c60_985_clip_008_0048_0055_N.mp4,5.0,355,vach_ke_duong_chuyen_lan,0.2711974084377289,1332.876708984375,733.107177734375,1480.315185546875,895.63671875
/content/video/7d106c60_985_clip_008_0048_0055_N.mp4,5.0,355,vach_ke_duong_chuyen_lan,0.26454368233680725,1321.06884765625,732.7022705078125,1601.721923828125,1032.9818115234375
/content/video/7ed17aab_806_clip_004_0025_0033_Y.mp4,1.0,355,vach_ke_duong_chuyen_lan,0.43234866857528687,1353.628662109375,759.111328125,1777.009521484375,1039.834716796875
/content/video/7ed17aab_806_clip_004_0025_0033_Y.mp4,3.0,175,chiDanChu,0.2502719759941101,1651.777587890625,509.6602783203125,1736.859130859375,623.0064697265625
/content/video/7ed17aab_806_clip_004_0025_0033_Y.mp4,6.0,355,vach_ke_duong_chuyen_lan,0.5372244119644165,1329.8818359375,722.61962890625,1636.5107421875,970.528076171875
/content/video/7ed17aab_806_clip_004_0025_0033_Y.mp4,7.0,355,vach_ke_duong_chuyen_lan,0.35836049914360046,1323.333984375,718.9010009765625,1777.314453125,1060.2183837890625
/content/video/80fb9296_867_clip_016_0119_0128_Y.mp4,0.0,45,TocDo_Chu,0.25043001770973206,1353.507568359375,972.2653198242188,1534.6527099609375,1027.22802734375
/content/video/80fb9296_867_clip_016_0119_0128_Y.mp4,1.0,45,TocDo_Chu,0.2642200291156769,1349.924560546875,970.2864990234375,1538.1295166015625,1029.0146484375
/content/video/8164ceec_801_clip_001_0000_0009_Y.mp4,0.0,275,hieulenh_HuongDiVongChuongNgaiVatSangPhai,0.8387797474861145,814.9657592773438,308.05572509765625,898.7520141601562,390.33563232421875
/content/video/8164ceec_801_clip_001_0000_0009_Y.mp4,0.0,59,cam_DiNguocChieu,0.7879764437675476,813.0968017578125,221.24652099609375,895.53857421875,305.98822021484375
/content/video/8164ceec_801_clip_001_0000_0009_Y.mp4,0.0,60,cam_DoDungXe,0.3224084675312042,813.3336181640625,221.39306640625,896.3597412109375,310.11151123046875
/content/video/8164ceec_801_clip_001_0000_0009_Y.mp4,1.0,59,cam_DiNguocChieu,0.8508884310722351,791.5076293945312,196.1591339111328,880.3536987304688,287.94659423828125
/content/video/8164ceec_801_clip_001_0000_0009_Y.mp4,1.0,275,hieulenh_HuongDiVongChuongNgaiVatSangPhai,0.7018103003501892,790.8343505859375,286.3039855957031,880.4412841796875,376.0559997558594
/content/video/8164ceec_801_clip_001_0000_0009_Y.mp4,2.0,59,cam_DiNguocChieu,0.8203081488609314,776.2072143554688,188.12550354003906,869.6582641601562,283.3861083984375
/content/video/8164ceec_801_clip_001_0000_0009_Y.mp4,2.0,275,hieulenh_HuongDiVongChuongNgaiVatSangPhai,0.5944326519966125,777.650146484375,280.8388671875,872.6094970703125,370.22021484375
/content/video/8164ceec_801_clip_001_0000_0009_Y.mp4,3.0,59,cam_DiNguocChieu,0.931344211101532,770.9451293945312,181.89834594726562,861.3987426757812,273.0323181152344
/content/video/8164ceec_801_clip_001_0000_0009_Y.mp4,3.0,275,hieulenh_HuongDiVongChuongNgaiVatSangPhai,0.7437718510627747,769.97412109375,274.2103576660156,861.49755859375,365.7174987792969
/content/video/8164ceec_801_clip_001_0000_0009_Y.mp4,4.0,59,cam_DiNguocChieu,0.905946671962738,753.3878173828125,160.85546875,850.7213134765625,251.845458984375
/content/video/8164ceec_801_clip_001_0000_0009_Y.mp4,4.0,275,hieulenh_HuongDiVongChuongNgaiVatSangPhai,0.8206246495246887,751.0672607421875,256.35089111328125,850.869384765625,352.71807861328125
/content/video/8164ceec_801_clip_001_0000_0009_Y.mp4,5.0,59,cam_DiNguocChieu,0.9872494339942932,710.6669311523438,104.37625122070312,819.7979125976562,208.16860961914062
/content/video/8164ceec_801_clip_001_0000_0009_Y.mp4,5.0,275,hieulenh_HuongDiVongChuongNgaiVatSangPhai,0.578266978263855,704.41552734375,212.17074584960938,820.10400390625,320.4184875488281
/content/video/8164ceec_801_clip_001_0000_0009_Y.mp4,5.0,60,cam_DoDungXe,0.284483402967453,1707.70166015625,193.18588256835938,1778.099609375,268.3977355957031
/content/video/8164ceec_801_clip_001_0000_0009_Y.mp4,6.0,59,cam_DiNguocChieu,0.9263468384742737,606.697265625,1.6783447265625,732.125732421875,114.96624755859375
/content/video/8164ceec_801_clip_001_0000_0009_Y.mp4,6.0,275,hieulenh_HuongDiVongChuongNgaiVatSangPhai,0.8056357502937317,593.8631591796875,117.62649536132812,730.0167236328125,248.27920532226562
/content/video/81e0d489_917_clip_007_0054_0064_Y.mp4,0.0,45,TocDo_Chu,0.5090729594230652,1353.31005859375,967.74169921875,1536.19189453125,1032.0772705078125
/content/video/81e0d489_917_clip_007_0054_0064_Y.mp4,1.0,45,TocDo_Chu,0.8164216876029968,1352.44921875,970.0094604492188,1534.578369140625,1029.1396484375
/content/video/81e0d489_917_clip_007_0054_0064_Y.mp4,2.0,45,TocDo_Chu,0.4094253182411194,1350.822998046875,971.3743286132812,1534.6033935546875,1028.46875
/content/video/81e0d489_917_clip_007_0054_0064_Y.mp4,2.0,275,hieulenh_HuongDiVongChuongNgaiVatSangPhai,0.331898957490921,508.35076904296875,529.4017333984375,559.2507934570312,581.0630493164062
/content/video/81e0d489_917_clip_007_0054_0064_Y.mp4,3.0,45,TocDo_Chu,0.41414687037467957,1351.2822265625,969.6763916015625,1533.952392578125,1031.8216552734375
/content/video/81e0d489_917_clip_007_0054_0064_Y.mp4,4.0,45,TocDo_Chu,0.43826955556869507,1352.184814453125,970.3623046875,1533.1856689453125,1031.1778564453125
/content/video/81e0d489_917_clip_007_0054_0064_Y.mp4,5.0,45,TocDo_Chu,0.33357805013656616,1351.58154296875,970.3456420898438,1533.744384765625,1029.295654296875
/content/video/81e0d489_917_clip_007_0054_0064_Y.mp4,8.0,45,TocDo_Chu,0.475330114364624,1351.8848876953125,968.6217041015625,1533.8543701171875,1033.6226806640625
/content/video/81fb18b3_792_clip_006_0037_0045_N.mp4,1.0,48,VachNguoiDiBo,0.2915955185890198,723.32177734375,836.3917236328125,2043.239013671875,973.9188232421875
/content/video/81fb18b3_792_clip_006_0037_0045_N.mp4,3.0,45,TocDo_Chu,0.5860335826873779,609.6404418945312,1349.310791015625,775.6524047851562,1405.847412109375
/content/video/81fb18b3_792_clip_006_0037_0045_N.mp4,4.0,45,TocDo_Chu,0.3477497100830078,604.008056640625,1346.36083984375,767.94873046875,1405.323974609375
/content/video/81fb18b3_792_clip_006_0037_0045_N.mp4,7.0,63,cam_DoDungXe6hToi9hva16hToi19h,0.3383826017379761,2244.7626953125,38.678955078125,2378.197265625,253.67660522460938
/content/video/81fb18b3_792_clip_006_0037_0045_N.mp4,7.0,60,cam_DoDungXe,0.26404136419296265,2245.4736328125,39.94378662109375,2378.1103515625,256.1346435546875
/content/video/8498e113_792_clip_009_0053_0060_N.mp4,2.0,355,vach_ke_duong_chuyen_lan,0.30787596106529236,1333.8067626953125,755.4971923828125,1566.6092529296875,935.0506591796875
/content/video/87d292a6_1000_clip_007_0045_0051_Y.mp4,0.0,45,TocDo_Chu,0.2598784565925598,616.9197387695312,1348.2642822265625,785.3755493164062,1406.9263916015625
/content/video/87d292a6_1000_clip_007_0045_0051_Y.mp4,1.0,68,cam_DoXe,0.3343542218208313,167.65921020507812,562.4585571289062,212.69973754882812,618.3063354492188
/content/video/87d292a6_1000_clip_007_0045_0051_Y.mp4,1.0,45,TocDo_Chu,0.3081786334514618,636.3697509765625,1349.20751953125,792.41162109375,1407.541748046875
/content/video/87d292a6_1000_clip_007_0045_0051_Y.mp4,3.0,68,cam_DoXe,0.3069845736026764,1617.1671142578125,445.98834228515625,1667.2855224609375,501.65130615234375
/content/video/87d292a6_1000_clip_007_0045_0051_Y.mp4,4.0,68,cam_DoXe,0.3075277805328369,1662.3472900390625,382.60198974609375,1722.2235107421875,450.55169677734375
/content/video/87d292a6_1000_clip_007_0045_0051_Y.mp4,5.0,68,cam_DoXe,0.6166836023330688,1823.531005859375,420.85260009765625,1895.313232421875,500.43438720703125
/content/video/89e03e22_806_clip_006_0042_0048_Y.mp4,2.0,45,TocDo_Chu,0.2660575211048126,634.30859375,1351.142333984375,795.257568359375,1407.529296875
/content/video/89e03e22_806_clip_006_0042_0048_Y.mp4,3.0,22,NguyHiem_DiCham,0.29905441403388977,428.91241455078125,340.4593811035156,501.53961181640625,413.8858337402344
/content/video/8a175dfe_792_clip_003_0016_0022_N.mp4,0.0,355,vach_ke_duong_chuyen_lan,0.6714442372322083,1326.096435546875,775.1728515625,1632.869873046875,1067.7098388671875
/content/video/8a175dfe_792_clip_003_0016_0022_N.mp4,1.0,355,vach_ke_duong_chuyen_lan,0.6829476356506348,1327.4031982421875,769.2119140625,1639.9598388671875,1082.405517578125
/content/video/8a175dfe_792_clip_003_0016_0022_N.mp4,2.0,355,vach_ke_duong_chuyen_lan,0.32059401273727417,1351.217041015625,787.4237060546875,1594.764892578125,1032.4263916015625
/content/video/8a175dfe_792_clip_003_0016_0022_N.mp4,3.0,355,vach_ke_duong_chuyen_lan,0.34648817777633667,1349.4232177734375,768.2512817382812,1519.1676025390625,941.4202270507812
/content/video/8a175dfe_792_clip_003_0016_0022_N.mp4,4.0,355,vach_ke_duong_chuyen_lan,0.3652985692024231,1366.39990234375,812.2886962890625,1602.8857421875,1040.4918212890625
/content/video/8a175dfe_792_clip_003_0016_0022_N.mp4,5.0,45,TocDo_Chu,0.39922043681144714,616.46923828125,1349.9794921875,771.10595703125,1407.3642578125
/content/video/8b040f49_944_clip_014_0098_0103_Y.mp4,0.0,46,VachDutVang,0.4694226384162903,388.910888671875,709.6029052734375,711.0545654296875,952.3436279296875
/content/video/8b040f49_944_clip_014_0098_0103_Y.mp4,3.0,46,VachDutVang,0.28122976422309875,382.44390869140625,698.3145751953125,714.4672241210938,911.0692138671875
/content/video/8bc78e81_801_clip_005_0026_0031_Y.mp4,1.0,355,vach_ke_duong_chuyen_lan,0.5052228569984436,456.255126953125,783.9100341796875,944.334716796875,1082.9754638671875
/content/video/8bc78e81_801_clip_005_0026_0031_Y.mp4,2.0,355,vach_ke_duong_chuyen_lan,0.6976036429405212,553.6556396484375,789.7777099609375,943.9964599609375,1020.3192138671875
/content/video/8bc78e81_801_clip_005_0026_0031_Y.mp4,4.0,355,vach_ke_duong_chuyen_lan,0.650458574295044,629.755859375,795.557373046875,976.2286376953125,1033.7666015625
/content/video/8d03f17a_916_clip_004_0023_0031_Y.mp4,0.0,355,vach_ke_duong_chuyen_lan,0.2950182259082794,1472.181884765625,1212.6201171875,1971.705078125,1521.649658203125
/content/video/8d03f17a_916_clip_004_0023_0031_Y.mp4,2.0,355,vach_ke_duong_chuyen_lan,0.5125727653503418,1481.30810546875,1212.5921630859375,1958.0631103515625,1526.7158203125
/content/video/8d03f17a_916_clip_004_0023_0031_Y.mp4,4.0,355,vach_ke_duong_chuyen_lan,0.5442348718643188,1462.0931396484375,1210.1259765625,1964.9288330078125,1525.6011962890625
/content/video/8d1fb540_792_clip_001_0000_0007_N.mp4,0.0,45,TocDo_Chu,0.6357712149620056,630.2911987304688,1348.8902587890625,804.0980834960938,1409.1282958984375
/content/video/8d1fb540_792_clip_001_0000_0007_N.mp4,0.0,355,vach_ke_duong_chuyen_lan,0.3486648499965668,1349.24365234375,756.939453125,1644.447265625,999.4202880859375
/content/video/8d1fb540_792_clip_001_0000_0007_N.mp4,1.0,355,vach_ke_duong_chuyen_lan,0.32886168360710144,1343.862548828125,755.868408203125,1632.45361328125,998.551025390625
/content/video/8d1fb540_792_clip_001_0000_0007_N.mp4,2.0,45,TocDo_Chu,0.3210607171058655,629.74853515625,1347.9405517578125,805.59375,1409.3570556640625
/content/video/8d1fb540_792_clip_001_0000_0007_N.mp4,3.0,355,vach_ke_duong_chuyen_lan,0.5337596535682678,1369.205322265625,769.156494140625,1717.399169921875,1066.802001953125
/content/video/8d1fb540_792_clip_001_0000_0007_N.mp4,3.0,45,TocDo_Chu,0.33855170011520386,630.049560546875,1349.107421875,803.235595703125,1407.168701171875
/content/video/8d1fb540_792_clip_001_0000_0007_N.mp4,4.0,355,vach_ke_duong_chuyen_lan,0.2757323086261749,1410.983642578125,819.7659912109375,1740.496337890625,1078.2015380859375
/content/video/8fc85fc0_1000_clip_009_0052_0060_Y.mp4,0.0,47,VachLienVang,0.3131464719772339,748.260009765625,766.51171875,1148.3251953125,1086.2371826171875
/content/video/8fc85fc0_1000_clip_009_0052_0060_Y.mp4,1.0,47,VachLienVang,0.26135578751564026,758.4969482421875,775.82421875,1136.9976806640625,1078.243408203125
/content/video/8fc85fc0_1000_clip_009_0052_0060_Y.mp4,2.0,47,VachLienVang,0.9035441875457764,782.3385009765625,763.414306640625,1166.2113037109375,1068.80908203125
/content/video/8fc85fc0_1000_clip_009_0052_0060_Y.mp4,2.0,45,TocDo_Chu,0.3070397675037384,629.0185546875,1348.71435546875,804.510009765625,1409.80908203125
/content/video/8fc85fc0_1000_clip_009_0052_0060_Y.mp4,3.0,47,VachLienVang,0.33453765511512756,783.8797607421875,784.393798828125,1164.3214111328125,1089.513916015625
/content/video/8fc85fc0_1000_clip_009_0052_0060_Y.mp4,4.0,355,vach_ke_duong_chuyen_lan,0.549389660358429,810.920166015625,755.0347900390625,1202.533203125,1095.9041748046875
/content/video/8fc85fc0_1000_clip_009_0052_0060_Y.mp4,5.0,355,vach_ke_duong_chuyen_lan,0.28807926177978516,888.31884765625,751.989501953125,1223.962158203125,1097.97119140625
/content/video/8fc85fc0_1000_clip_009_0052_0060_Y.mp4,7.0,47,VachLienVang,0.6312764883041382,843.530517578125,752.950439453125,1193.575927734375,1076.076171875
/content/video/8fc85fc0_1000_clip_009_0052_0060_Y.mp4,7.0,175,chiDanChu,0.34437087178230286,1364.06396484375,392.6981201171875,1504.91845703125,482.86083984375
/content/video/92698698_1000_clip_001_0000_0008_Y.mp4,5.0,59,cam_DiNguocChieu,0.3397683799266815,520.212646484375,489.7789306640625,563.88134765625,548.6614990234375
/content/video/92698698_1000_clip_001_0000_0008_Y.mp4,7.0,275,hieulenh_HuongDiVongChuongNgaiVatSangPhai,0.7845775485038757,388.8888854980469,459.52215576171875,456.1440734863281,546.4973754882812
/content/video/92698698_1000_clip_001_0000_0008_Y.mp4,7.0,59,cam_DiNguocChieu,0.3630247712135315,392.23712158203125,367.9132080078125,458.32843017578125,459.922607421875
/content/video/92ca525a_1000_clip_003_0015_0023_Y.mp4,6.0,355,vach_ke_duong_chuyen_lan,0.3843085467815399,1389.426513671875,706.114501953125,1713.508056640625,998.171630859375
/content/video/92ca525a_1000_clip_003_0015_0023_Y.mp4,7.0,355,vach_ke_duong_chuyen_lan,0.412890762090683,1380.1044921875,718.736572265625,1600.073486328125,978.84765625
/content/video/92ec89af_806_clip_005_0034_0042_Y.mp4,7.0,45,TocDo_Chu,0.3140135705471039,639.72412109375,1350.30908203125,792.237060546875,1404.15625
/content/video/92f5df7b_1000_clip_007_0037_0046_N.mp4,2.0,355,vach_ke_duong_chuyen_lan,0.5712773203849792,1880.66748046875,768.8895263671875,2230.80615234375,928.2015380859375
/content/video/92f5df7b_1000_clip_007_0037_0046_N.mp4,2.0,355,vach_ke_duong_chuyen_lan,0.2898959815502167,1553.8511962890625,775.706787109375,1848.1719970703125,1095.1729736328125
/content/video/92f5df7b_1000_clip_007_0037_0046_N.mp4,6.0,68,cam_DoXe,0.25102269649505615,1769.29248046875,460.5438232421875,1807.56982421875,510.1817626953125
/content/video/92f837d4_1000_clip_002_0005_0012_Y.mp4,4.0,175,chiDanChu,0.7170678377151489,1025.71240234375,380.34417724609375,1144.1171875,471.41314697265625
/content/video/92f837d4_1000_clip_002_0005_0012_Y.mp4,4.0,175,chiDanChu,0.31378474831581116,1294.771728515625,366.831298828125,1416.260009765625,450.7303466796875
/content/video/92f837d4_1000_clip_002_0005_0012_Y.mp4,5.0,175,chiDanChu,0.5338783264160156,1039.1845703125,344.900634765625,1175.29150390625,441.2708740234375
/content/video/92f837d4_1000_clip_002_0005_0012_Y.mp4,5.0,175,chiDanChu,0.37525293231010437,1343.998291015625,319.00714111328125,1492.487060546875,424.53277587890625
/content/video/93dfd907_792_clip_007_0042_0052_N.mp4,0.0,355,vach_ke_duong_chuyen_lan,0.6974986791610718,1053.3992919921875,759.36474609375,1149.4107666015625,1020.797607421875
/content/video/93dfd907_792_clip_007_0042_0052_N.mp4,1.0,60,cam_DoDungXe,0.2959403991699219,1704.8341064453125,463.53692626953125,1763.3851318359375,527.2039184570312
/content/video/93dfd907_792_clip_007_0042_0052_N.mp4,1.0,355,vach_ke_duong_chuyen_lan,0.2882641553878784,878.7430419921875,746.605712890625,1036.2271728515625,999.422607421875
/content/video/93dfd907_792_clip_007_0042_0052_N.mp4,2.0,60,cam_DoDungXe,0.5035161375999451,2028.53955078125,333.75927734375,2116.09765625,440.132080078125
/content/video/93dfd907_792_clip_007_0042_0052_N.mp4,4.0,175,chiDanChu,0.3681318759918213,1352.359375,539.4864501953125,1439.048828125,610.1558837890625
/content/video/93dfd907_792_clip_007_0042_0052_N.mp4,6.0,175,chiDanChu,0.9056504368782043,1419.163818359375,471.732421875,1569.2607421875,589.320556640625
/content/video/93dfd907_792_clip_007_0042_0052_N.mp4,8.0,60,cam_DoDungXe,0.3187153935432434,1514.670166015625,381.1322021484375,1593.333740234375,463.1888427734375
/content/video/93dfd907_792_clip_007_0042_0052_N.mp4,9.0,59,cam_DiNguocChieu,0.36107316613197327,2063.903076171875,0.0,2227.932373046875,122.13192749023438
/content/video/9ad620ab_792_clip_006_0037_0046_N.mp4,3.0,22,NguyHiem_DiCham,0.37313759326934814,1645.6185302734375,489.485595703125,1728.0682373046875,573.89599609375
/content/video/9ad620ab_792_clip_006_0037_0046_N.mp4,4.0,45,TocDo_Chu,0.4107493758201599,606.0421142578125,1345.581787109375,784.1849365234375,1406.971923828125
/content/video/9ad620ab_792_clip_006_0037_0046_N.mp4,7.0,10,DaiPhanCachCung,0.3355102837085724,1566.1849365234375,697.4891357421875,2542.52197265625,1215.803955078125
/content/video/9ad620ab_792_clip_006_0037_0046_N.mp4,7.0,45,TocDo_Chu,0.31083595752716064,619.5074462890625,1349.591552734375,793.2855224609375,1407.507568359375
/content/video/9ad620ab_792_clip_006_0037_0046_N.mp4,8.0,10,DaiPhanCachCung,0.36011844873428345,1521.4375,700.1317138671875,2524.500244140625,1189.06640625
/content/video/9c2dfa97_1000_clip_001_0000_0006_Y.mp4,1.0,22,NguyHiem_DiCham,0.6596327424049377,2238.47021484375,412.66583251953125,2290.6689453125,473.05029296875
/content/video/9cf20859_1000_clip_006_0042_0047_Y.mp4,0.0,45,TocDo_Chu,0.2615795135498047,635.5108642578125,1349.5760498046875,794.1680908203125,1406.7862548828125
/content/video/9cf20859_1000_clip_006_0042_0047_Y.mp4,1.0,45,TocDo_Chu,0.5750581622123718,635.5655517578125,1349.046142578125,791.662841796875,1407.890380859375
/content/video/9cf20859_1000_clip_006_0042_0047_Y.mp4,1.0,355,vach_ke_duong_chuyen_lan,0.3507642447948456,1342.930908203125,738.25634765625,1792.306884765625,1059.33447265625
/content/video/9cf20859_1000_clip_006_0042_0047_Y.mp4,3.0,45,TocDo_Chu,0.4025496542453766,616.2864990234375,1348.6180419921875,779.6153564453125,1404.9290771484375
/content/video/9cf20859_1000_clip_006_0042_0047_Y.mp4,4.0,355,vach_ke_duong_chuyen_lan,0.27656686305999756,1353.654296875,748.2005615234375,1776.5517578125,1052.0093994140625
/content/video/9d642932_961_clip_005_0029_0039_Y.mp4,7.0,68,cam_DoXe,0.3935989737510681,1747.470703125,443.5638732910156,1806.0029296875,506.4989013671875
/content/video/9d642932_961_clip_005_0029_0039_Y.mp4,7.0,355,vach_ke_duong_chuyen_lan,0.2671181261539459,1338.956787109375,791.486572265625,1649.2978515625,1037.8267822265625
/content/video/9d642932_961_clip_005_0029_0039_Y.mp4,9.0,45,TocDo_Chu,0.31885167956352234,630.64306640625,1349.084716796875,778.8115234375,1405.74755859375
/content/video/9e3d750d_1000_clip_008_0046_0060_Y.mp4,1.0,275,hieulenh_HuongDiVongChuongNgaiVatSangPhai,0.49087533354759216,2393.748046875,156.10061645507812,2464.337890625,262.6371765136719
/content/video/9e3d750d_1000_clip_008_0046_0060_Y.mp4,1.0,295,muiten_DiThangReTrai,0.4030686020851135,1111.62109375,901.3576049804688,1311.2744140625,1073.975830078125
/content/video/9e3d750d_1000_clip_008_0046_0060_Y.mp4,1.0,293,muiten_DiThang,0.28132498264312744,1950.594482421875,836.1453857421875,2074.184326171875,908.5084228515625
/content/video/9e3d750d_1000_clip_008_0046_0060_Y.mp4,3.0,355,vach_ke_duong_chuyen_lan,0.3875194191932678,1332.703125,749.7967529296875,1594.37158203125,957.1058349609375
/content/video/9e3d750d_1000_clip_008_0046_0060_Y.mp4,4.0,355,vach_ke_duong_chuyen_lan,0.29178526997566223,1334.338134765625,739.6292724609375,1715.46533203125,1073.8614501953125
/content/video/9e3d750d_1000_clip_008_0046_0060_Y.mp4,13.0,265,denXanh,0.3141559362411499,682.5877685546875,430.06304931640625,724.6934814453125,484.80279541015625
/content/video/9e8fc965_792_clip_008_0048_0060_N.mp4,0.0,59,cam_DiNguocChieu,0.2794381380081177,1048.38134765625,439.96221923828125,1093.4013671875,490.35394287109375
/content/video/9e8fc965_792_clip_008_0048_0060_N.mp4,0.0,60,cam_DoDungXe,0.267792284488678,1048.8114013671875,440.417236328125,1093.0540771484375,489.120849609375
/content/video/9e8fc965_792_clip_008_0048_0060_N.mp4,1.0,59,cam_DiNguocChieu,0.6325335502624512,956.374267578125,309.5225830078125,1028.3466796875,385.3946533203125
/content/video/9e8fc965_792_clip_008_0048_0060_N.mp4,1.0,275,hieulenh_HuongDiVongChuongNgaiVatSangPhai,0.4542354643344879,955.1771240234375,386.0357666015625,1030.341064453125,460.562255859375
/content/video/9e8fc965_792_clip_008_0048_0060_N.mp4,1.0,68,cam_DoXe,0.4068382680416107,2184.207275390625,128.536376953125,2267.283935546875,238.39422607421875
/content/video/9e8fc965_792_clip_008_0048_0060_N.mp4,1.0,60,cam_DoDungXe,0.2814856469631195,2185.800048828125,126.79306030273438,2268.556884765625,237.24749755859375
/content/video/9e8fc965_792_clip_008_0048_0060_N.mp4,1.0,68,cam_DoXe,0.27449625730514526,2206.66796875,244.68646240234375,2278.16259765625,341.50347900390625
/content/video/9e8fc965_792_clip_008_0048_0060_N.mp4,2.0,275,hieulenh_HuongDiVongChuongNgaiVatSangPhai,0.8384933471679688,591.3314819335938,80.9456787109375,737.7069702148438,241.09500122070312
/content/video/9e8fc965_792_clip_008_0048_0060_N.mp4,2.0,59,cam_DiNguocChieu,0.6247249245643616,611.2996826171875,0.6382369995117188,752.70458984375,76.5565414428711
/content/video/9e8fc965_792_clip_008_0048_0060_N.mp4,3.0,355,vach_ke_duong_chuyen_lan,0.2780369818210602,1231.806640625,735.9763793945312,1528.880859375,955.8181762695312
/content/video/9e8fc965_792_clip_008_0048_0060_N.mp4,4.0,355,vach_ke_duong_chuyen_lan,0.5880865454673767,1241.777099609375,766.3525390625,1573.194091796875,990.234130859375
/content/video/9e8fc965_792_clip_008_0048_0060_N.mp4,5.0,355,vach_ke_duong_chuyen_lan,0.6025134325027466,1245.582275390625,784.0645751953125,1601.969482421875,997.3482666015625
/content/video/9e8fc965_792_clip_008_0048_0060_N.mp4,6.0,355,vach_ke_duong_chuyen_lan,0.2844090461730957,1227.748046875,777.739990234375,1612.01513671875,1046.7025146484375
/content/video/9e8fc965_792_clip_008_0048_0060_N.mp4,7.0,45,TocDo_Chu,0.3672962188720703,629.589599609375,1348.384521484375,801.56201171875,1408.747802734375
/content/video/9e8fc965_792_clip_008_0048_0060_N.mp4,8.0,355,vach_ke_duong_chuyen_lan,0.4384705424308777,1211.1837158203125,749.0926513671875,1511.5697021484375,991.795166015625
/content/video/9e8fc965_792_clip_008_0048_0060_N.mp4,11.0,355,vach_ke_duong_chuyen_lan,0.36192065477371216,1275.451171875,736.599609375,1480.06982421875,954.113037109375
/content/video/9efba58b_1000_clip_001_0000_0010_Y.mp4,0.0,47,VachLienVang,0.8562734723091125,812.543212890625,771.036865234375,1152.012939453125,1080.7086181640625
/content/video/9efba58b_1000_clip_001_0000_0010_Y.mp4,0.0,45,TocDo_Chu,0.28453192114830017,629.4462280273438,1347.47314453125,788.9043579101562,1406.540283203125
/content/video/9efba58b_1000_clip_001_0000_0010_Y.mp4,1.0,175,chiDanChu,0.5698811411857605,1371.39697265625,274.0396423339844,1586.876953125,402.0328674316406
/content/video/9efba58b_1000_clip_001_0000_0010_Y.mp4,1.0,47,VachLienVang,0.4983029365539551,775.514892578125,776.1619873046875,1127.8927001953125,1093.064453125
/content/video/9efba58b_1000_clip_001_0000_0010_Y.mp4,6.0,59,cam_DiNguocChieu,0.27120813727378845,1110.487548828125,548.8114013671875,1140.415283203125,583.8697509765625
/content/video/9efba58b_1000_clip_001_0000_0010_Y.mp4,9.0,68,cam_DoXe,0.6295211315155029,2502.078857421875,275.505615234375,2560.0,389.37799072265625
/content/video/9efba58b_1000_clip_001_0000_0010_Y.mp4,9.0,275,hieulenh_HuongDiVongChuongNgaiVatSangPhai,0.3646582365036011,1011.8408203125,521.9075927734375,1069.111572265625,581.3143310546875
/content/video/9fe0a8c7_1000_clip_007_0036_0045_Y.mp4,0.0,47,VachLienVang,0.4752595126628876,714.2882080078125,754.9971923828125,1163.9166259765625,1077.916015625
/content/video/9fe0a8c7_1000_clip_007_0036_0045_Y.mp4,1.0,47,VachLienVang,0.6910542249679565,726.608642578125,751.955810546875,1173.4998779296875,1083.09033203125
/content/video/9fe0a8c7_1000_clip_007_0036_0045_Y.mp4,2.0,47,VachLienVang,0.6784337162971497,769.6046142578125,762.7808837890625,1181.2894287109375,1075.5521240234375
/content/video/9fe0a8c7_1000_clip_007_0036_0045_Y.mp4,3.0,47,VachLienVang,0.6347423195838928,770.4951171875,742.841064453125,1192.3173828125,1080.842041015625
/content/video/9fe0a8c7_1000_clip_007_0036_0045_Y.mp4,4.0,47,VachLienVang,0.2581944465637207,766.0283203125,741.8021240234375,1191.9481201171875,1092.78759765625
/content/video/9fe0a8c7_1000_clip_007_0036_0045_Y.mp4,5.0,47,VachLienVang,0.34517577290534973,760.17578125,739.2513427734375,1187.40185546875,1083.830078125
/content/video/9fe0a8c7_1000_clip_007_0036_0045_Y.mp4,6.0,47,VachLienVang,0.7203840017318726,763.8524169921875,754.7247314453125,1170.99658203125,1072.9249267578125
/content/video/9fe0a8c7_1000_clip_007_0036_0045_Y.mp4,7.0,47,VachLienVang,0.6113189458847046,765.037109375,758.8599853515625,1165.874267578125,1080.2642822265625
/content/video/9fe0a8c7_1000_clip_007_0036_0045_Y.mp4,8.0,60,cam_DoDungXe,0.5441383719444275,2479.89208984375,173.10354614257812,2559.2333984375,300.7512512207031
/content/video/9fe0a8c7_1000_clip_007_0036_0045_Y.mp4,8.0,47,VachLienVang,0.4481988847255707,753.4525146484375,755.3731689453125,1165.817138671875,1081.41650390625
/content/video/a07295e9_1000_clip_003_0012_0018_Y.mp4,0.0,175,chiDanChu,0.34605228900909424,1494.349365234375,198.1058349609375,1697.97900390625,337.85894775390625
/content/video/a07295e9_1000_clip_003_0012_0018_Y.mp4,1.0,175,chiDanChu,0.824110209941864,1544.95263671875,88.10009765625,1793.345947265625,249.88333129882812
/content/video/a07295e9_1000_clip_003_0012_0018_Y.mp4,1.0,175,chiDanChu,0.36234647035598755,1018.4566650390625,113.50946044921875,1251.6387939453125,287.39642333984375
/content/video/a07295e9_1000_clip_003_0012_0018_Y.mp4,1.0,293,muiten_DiThang,0.2604765295982361,1946.469482421875,889.5380859375,2257.002197265625,1137.8564453125
/content/video/a07295e9_1000_clip_003_0012_0018_Y.mp4,2.0,175,chiDanChu,0.8438407182693481,933.607421875,1.02001953125,1229.517822265625,211.56716918945312
/content/video/a07295e9_1000_clip_003_0012_0018_Y.mp4,4.0,355,vach_ke_duong_chuyen_lan,0.3291429877281189,1647.483642578125,758.3677978515625,2216.72705078125,1107.8443603515625
/content/video/a07295e9_1000_clip_003_0012_0018_Y.mp4,5.0,355,vach_ke_duong_chuyen_lan,0.3573233187198639,1349.757568359375,766.0263671875,1523.822509765625,1066.981201171875
/content/video/a0a04dc4_1000_clip_001_0000_0009_Y.mp4,0.0,45,TocDo_Chu,0.2956656515598297,629.6759033203125,1349.316650390625,802.95263671875,1408.862548828125
/content/video/a0a04dc4_1000_clip_001_0000_0009_Y.mp4,0.0,355,vach_ke_duong_chuyen_lan,0.2669103741645813,1247.5887451171875,749.6015625,1601.3111572265625,992.5439453125
/content/video/a0a04dc4_1000_clip_001_0000_0009_Y.mp4,1.0,45,TocDo_Chu,0.3921149671077728,629.9017333984375,1348.884765625,803.9521484375,1409.42236328125
/content/video/a0a04dc4_1000_clip_001_0000_0009_Y.mp4,1.0,355,vach_ke_duong_chuyen_lan,0.2852286398410797,1291.8489990234375,741.7950439453125,1726.5335693359375,1049.609619140625
/content/video/a0a04dc4_1000_clip_001_0000_0009_Y.mp4,2.0,45,TocDo_Chu,0.3580145537853241,629.7066650390625,1348.481689453125,803.377685546875,1408.716552734375
/content/video/a0a04dc4_1000_clip_001_0000_0009_Y.mp4,3.0,293,muiten_DiThang,0.759835422039032,1197.071044921875,758.018310546875,1267.001220703125,835.72119140625
/content/video/a0a04dc4_1000_clip_001_0000_0009_Y.mp4,3.0,45,TocDo_Chu,0.2602555751800537,628.7808837890625,1349.11669921875,803.825927734375,1408.50439453125
/content/video/a0a04dc4_1000_clip_001_0000_0009_Y.mp4,4.0,22,NguyHiem_DiCham,0.6737579107284546,2125.09228515625,363.2032470703125,2217.4091796875,458.8194580078125
/content/video/a0a04dc4_1000_clip_001_0000_0009_Y.mp4,4.0,355,vach_ke_duong_chuyen_lan,0.3269369602203369,1283.74365234375,720.1600341796875,1664.8544921875,1066.6939697265625
/content/video/a0a04dc4_1000_clip_001_0000_0009_Y.mp4,6.0,355,vach_ke_duong_chuyen_lan,0.5141196846961975,1272.77587890625,730.701416015625,1556.3203125,1061.718017578125
/content/video/a0a04dc4_1000_clip_001_0000_0009_Y.mp4,7.0,45,TocDo_Chu,0.2901528477668762,613.163330078125,1347.283203125,787.584716796875,1407.18115234375
/content/video/a0a04dc4_1000_clip_001_0000_0009_Y.mp4,8.0,293,muiten_DiThang,0.4726642072200775,1043.090087890625,779.9131469726562,1143.286376953125,878.2504272460938
/content/video/a0d4de3d_1000_clip_004_0024_0032_Y.mp4,0.0,45,TocDo_Chu,0.3382425308227539,629.725341796875,1349.692626953125,803.103271484375,1410.206787109375
/content/video/a0d4de3d_1000_clip_004_0024_0032_Y.mp4,2.0,293,muiten_DiThang,0.45105376839637756,1873.0634765625,894.674560546875,2215.60400390625,1077.22314453125
/content/video/a0d4de3d_1000_clip_004_0024_0032_Y.mp4,4.0,45,TocDo_Chu,0.3250318169593811,634.96435546875,1349.8271484375,792.4468994140625,1406.068359375
/content/video/a0d4de3d_1000_clip_004_0024_0032_Y.mp4,5.0,45,TocDo_Chu,0.35378962755203247,633.2554321289062,1348.5703125,788.2426147460938,1408.2041015625
/content/video/a0d4de3d_1000_clip_004_0024_0032_Y.mp4,5.0,293,muiten_DiThang,0.2969171702861786,1117.4932861328125,811.9219360351562,1273.9552001953125,908.4371948242188
/content/video/a0d4de3d_1000_clip_004_0024_0032_Y.mp4,7.0,10,DaiPhanCachCung,0.2512427568435669,213.365234375,715.8885498046875,1100.03759765625,1070.97314453125
/content/video/a334058a_800_clip_012_0087_0093_N.mp4,0.0,46,VachDutVang,0.4915212392807007,554.8856201171875,711.6036376953125,805.31787109375,829.8770751953125
/content/video/a334058a_800_clip_012_0087_0093_N.mp4,1.0,46,VachDutVang,0.6565083861351013,480.8115234375,722.73681640625,789.1301879882812,884.413818359375
/content/video/a334058a_800_clip_012_0087_0093_N.mp4,2.0,46,VachDutVang,0.5810753107070923,473.74969482421875,715.6448974609375,789.164794921875,899.128662109375
/content/video/a334058a_800_clip_012_0087_0093_N.mp4,3.0,46,VachDutVang,0.9245525598526001,443.69586181640625,723.4071655273438,790.6411743164062,918.7847900390625
/content/video/a334058a_800_clip_012_0087_0093_N.mp4,4.0,46,VachDutVang,0.8170374631881714,430.6073913574219,724.2001953125,784.9652709960938,921.17529296875
/content/video/a3404f08_801_clip_007_0043_0053_Y.mp4,0.0,45,TocDo_Chu,0.2957210838794708,632.72314453125,1349.36865234375,805.6776123046875,1407.822998046875
/content/video/a3404f08_801_clip_007_0043_0053_Y.mp4,1.0,45,TocDo_Chu,0.3909734785556793,633.3404541015625,1349.799072265625,805.6927490234375,1407.310302734375
/content/video/a3404f08_801_clip_007_0043_0053_Y.mp4,5.0,45,TocDo_Chu,0.328666627407074,633.371826171875,1349.8221435546875,804.908203125,1405.7008056640625
/content/video/a3404f08_801_clip_007_0043_0053_Y.mp4,9.0,175,chiDanChu,0.49834704399108887,2316.5234375,273.22161865234375,2560.0,515.152099609375
/content/video/a4244f23_792_clip_001_0000_0005_N.mp4,0.0,48,VachNguoiDiBo,0.26124072074890137,471.176025390625,869.0087890625,1927.73681640625,1070.89208984375
/content/video/a4244f23_792_clip_001_0000_0005_N.mp4,1.0,59,cam_DiNguocChieu,0.3047153055667877,1115.871826171875,483.1951904296875,1151.653076171875,519.45166015625
/content/video/a4244f23_792_clip_001_0000_0005_N.mp4,2.0,275,hieulenh_HuongDiVongChuongNgaiVatSangPhai,0.4299565851688385,1040.717529296875,478.9254150390625,1095.51611328125,535.76025390625
/content/video/a4244f23_792_clip_001_0000_0005_N.mp4,2.0,59,cam_DiNguocChieu,0.29435816407203674,1040.25146484375,422.854248046875,1094.240234375,477.19085693359375
/content/video/a4244f23_792_clip_001_0000_0005_N.mp4,3.0,59,cam_DiNguocChieu,0.7818624973297119,879.567626953125,267.66448974609375,971.509521484375,355.63519287109375
/content/video/a4244f23_792_clip_001_0000_0005_N.mp4,3.0,275,hieulenh_HuongDiVongChuongNgaiVatSangPhai,0.6164885759353638,878.245849609375,355.2310485839844,969.3759765625,443.2954406738281
/content/video/a4244f23_792_clip_001_0000_0005_N.mp4,3.0,355,vach_ke_duong_chuyen_lan,0.2513595521450043,1357.573486328125,806.4832763671875,1539.347412109375,969.23779296875
/content/video/a4244f23_792_clip_001_0000_0005_N.mp4,4.0,60,cam_DoDungXe,0.803880512714386,2159.51025390625,350.90380859375,2253.60791015625,464.59869384765625
/content/video/a4244f23_792_clip_001_0000_0005_N.mp4,4.0,355,vach_ke_duong_chuyen_lan,0.308305561542511,1338.23095703125,815.0467529296875,1594.21240234375,1043.3438720703125
/content/video/a5769411_792_clip_002_0009_0014_N.mp4,4.0,59,cam_DiNguocChieu,0.30246853828430176,766.0455322265625,550.1542358398438,799.9185791015625,594.6006469726562
/content/video/a5b5cdc2_792_clip_008_0055_0060_N.mp4,0.0,355,vach_ke_duong_chuyen_lan,0.2822929918766022,1342.3287353515625,759.2354736328125,1586.6551513671875,960.9683837890625
/content/video/a6499cdc_867_clip_022_0170_0180_N.mp4,2.0,355,vach_ke_duong_chuyen_lan,0.3288189768791199,863.5977783203125,731.1632690429688,1164.6376953125,974.8319091796875
/content/video/a6499cdc_867_clip_022_0170_0180_N.mp4,3.0,355,vach_ke_duong_chuyen_lan,0.3431740403175354,870.0562133789062,725.3069458007812,1084.84326171875,912.4389038085938
/content/video/a6499cdc_867_clip_022_0170_0180_N.mp4,5.0,175,chiDanChu,0.403118371963501,1322.0072021484375,495.05889892578125,1492.7142333984375,673.4539794921875
/content/video/a6499cdc_867_clip_022_0170_0180_N.mp4,7.0,45,TocDo_Chu,0.25416043400764465,1351.228515625,970.988525390625,1535.229248046875,1026.162841796875
/content/video/a81fdec3_944_clip_011_0074_0084_N.mp4,7.0,46,VachDutVang,0.323555588722229,527.0783081054688,715.791015625,744.4957275390625,825.4282836914062
/content/video/a81fdec3_944_clip_011_0074_0084_N.mp4,8.0,46,VachDutVang,0.5192123055458069,371.9220275878906,703.877197265625,773.6134643554688,912.7122802734375
/content/video/ab545a15_1000_clip_007_0047_0060_Y.mp4,1.0,45,TocDo_Chu,0.34139806032180786,629.8411865234375,1349.718505859375,803.41845703125,1409.243408203125
/content/video/ab545a15_1000_clip_007_0047_0060_Y.mp4,2.0,45,TocDo_Chu,0.43528279662132263,628.91796875,1349.0223388671875,804.38134765625,1410.0098876953125
/content/video/ab545a15_1000_clip_007_0047_0060_Y.mp4,5.0,45,TocDo_Chu,0.2809852063655853,630.1807861328125,1349.71044921875,803.363525390625,1407.9326171875
/content/video/ab545a15_1000_clip_007_0047_0060_Y.mp4,6.0,45,TocDo_Chu,0.26420241594314575,631.1968994140625,1348.908203125,802.5985107421875,1407.0771484375
/content/video/ab545a15_1000_clip_007_0047_0060_Y.mp4,6.0,355,vach_ke_duong_chuyen_lan,0.2599200904369354,1382.3955078125,794.1761474609375,1715.8447265625,1023.8399658203125
/content/video/ab545a15_1000_clip_007_0047_0060_Y.mp4,7.0,355,vach_ke_duong_chuyen_lan,0.3383847177028656,1348.75244140625,731.736083984375,1647.11181640625,965.2244873046875
/content/video/ab545a15_1000_clip_007_0047_0060_Y.mp4,8.0,45,TocDo_Chu,0.4984442889690399,615.96142578125,1347.809814453125,792.969970703125,1406.965087890625
/content/video/ab545a15_1000_clip_007_0047_0060_Y.mp4,12.0,45,TocDo_Chu,0.3830321431159973,628.298095703125,1348.0347900390625,803.477294921875,1410.5523681640625
/content/video/ab8ddeb4_792_clip_003_0012_0018_N.mp4,0.0,293,muiten_DiThang,0.2881964445114136,1210.12158203125,753.5224609375,1263.7880859375,812.980712890625
/content/video/ab8ddeb4_792_clip_003_0012_0018_N.mp4,1.0,293,muiten_DiThang,0.42465218901634216,1928.593994140625,936.7476806640625,2514.052001953125,1203.6177978515625
/content/video/ab8ddeb4_792_clip_003_0012_0018_N.mp4,4.0,293,muiten_DiThang,0.28441545367240906,1829.609130859375,894.5548706054688,2137.82421875,1064.696044921875
/content/video/ab8ddeb4_792_clip_003_0012_0018_N.mp4,4.0,293,muiten_DiThang,0.2750876843929291,1170.2161865234375,904.9126586914062,1312.3204345703125,1077.3056640625
/content/video/ac8936bc_801_clip_007_0045_0052_N.mp4,0.0,45,TocDo_Chu,0.3211892247200012,630.121337890625,1350.068115234375,778.279541015625,1406.31591796875
/content/video/ac8936bc_801_clip_007_0045_0052_N.mp4,1.0,45,TocDo_Chu,0.385785847902298,629.5337524414062,1349.813720703125,776.5719604492188,1406.006103515625
/content/video/ac8936bc_801_clip_007_0045_0052_N.mp4,2.0,175,chiDanChu,0.44265109300613403,1934.0147705078125,523.6229248046875,1991.3741455078125,614.0169677734375
/content/video/ac8936bc_801_clip_007_0045_0052_N.mp4,2.0,45,TocDo_Chu,0.33898472785949707,618.8519287109375,1348.878173828125,774.0672607421875,1407.270263671875
/content/video/ac8936bc_801_clip_007_0045_0052_N.mp4,3.0,45,TocDo_Chu,0.41129282116889954,630.6941528320312,1350.4708251953125,776.0045776367188,1405.8953857421875
/content/video/ac8936bc_801_clip_007_0045_0052_N.mp4,4.0,175,chiDanChu,0.6450961232185364,2140.232421875,456.5462951660156,2210.4755859375,567.0631103515625
/content/video/ac8936bc_801_clip_007_0045_0052_N.mp4,4.0,45,TocDo_Chu,0.2605906128883362,630.5919799804688,1350.187744140625,776.6569213867188,1405.5791015625
/content/video/ac8936bc_801_clip_007_0045_0052_N.mp4,5.0,45,TocDo_Chu,0.6595122218132019,632.8800048828125,1350.25732421875,791.7025146484375,1404.42236328125
/content/video/ac8936bc_801_clip_007_0045_0052_N.mp4,6.0,45,TocDo_Chu,0.6581898927688599,633.18994140625,1349.6109619140625,786.306396484375,1405.2799072265625
/content/video/af88bdec_801_clip_008_0053_0060_Y.mp4,0.0,45,TocDo_Chu,0.29958465695381165,632.933837890625,1349.062255859375,803.6832275390625,1407.057373046875
/content/video/af88bdec_801_clip_008_0053_0060_Y.mp4,1.0,121,cam_TocDoToiDa60XeTaiXeDauKeo,0.7428850531578064,657.061767578125,0.0,782.1539306640625,217.2763671875
/content/video/af88bdec_801_clip_008_0053_0060_Y.mp4,1.0,63,cam_DoDungXe6hToi9hva16hToi19h,0.4910166561603546,656.5645751953125,0.5399246215820312,778.4549560546875,212.1505126953125
/content/video/af88bdec_801_clip_008_0053_0060_Y.mp4,3.0,45,TocDo_Chu,0.3508671522140503,630.2791748046875,1348.97998046875,791.9415283203125,1405.20556640625
/content/video/af88bdec_801_clip_008_0053_0060_Y.mp4,4.0,351,vachKeDuongLien,0.3533039689064026,1286.421875,717.9805908203125,1720.87451171875,1060.9195556640625
/content/video/af88bdec_801_clip_008_0053_0060_Y.mp4,4.0,45,TocDo_Chu,0.2881796360015869,616.2679443359375,1348.386962890625,788.9940185546875,1409.170166015625
/content/video/af88bdec_801_clip_008_0053_0060_Y.mp4,5.0,351,vachKeDuongLien,0.6531513333320618,1284.02099609375,719.12939453125,1616.60693359375,1057.84765625
/content/video/af88bdec_801_clip_008_0053_0060_Y.mp4,6.0,351,vachKeDuongLien,0.29144009947776794,1291.6827392578125,723.078125,1704.4984130859375,1061.6068115234375
/content/video/af88bdec_801_clip_008_0053_0060_Y.mp4,6.0,45,TocDo_Chu,0.25513970851898193,631.168701171875,1351.5107421875,802.313232421875,1411.739990234375
/content/video/b0c4a01c_985_clip_006_0042_0047_N.mp4,0.0,355,vach_ke_duong_chuyen_lan,0.48647066950798035,1307.7139892578125,767.3919677734375,1662.0435791015625,1031.12548828125
/content/video/b0c4a01c_985_clip_006_0042_0047_N.mp4,3.0,355,vach_ke_duong_chuyen_lan,0.46543800830841064,1278.5244140625,746.9376220703125,1529.80810546875,994.3209228515625
/content/video/b118f68d_1000_clip_003_0014_0021_Y.mp4,2.0,45,TocDo_Chu,0.2767731845378876,631.853515625,1351.2218017578125,775.93310546875,1407.1182861328125
/content/video/b194990b_985_clip_002_0008_0015_N.mp4,0.0,355,vach_ke_duong_chuyen_lan,0.29475510120391846,1354.24267578125,769.3798828125,1584.515869140625,997.8428955078125
/content/video/b194990b_985_clip_002_0008_0015_N.mp4,2.0,22,NguyHiem_DiCham,0.25625157356262207,1955.26318359375,373.0643615722656,2046.90966796875,460.8775329589844
/content/video/b194990b_985_clip_002_0008_0015_N.mp4,4.0,355,vach_ke_duong_chuyen_lan,0.34795263409614563,1332.4970703125,743.8133544921875,1676.98876953125,1066.033203125
/content/video/b194990b_985_clip_002_0008_0015_N.mp4,5.0,355,vach_ke_duong_chuyen_lan,0.49229469895362854,1345.0667724609375,744.92626953125,1714.7586669921875,1079.7703857421875
/content/video/b194990b_985_clip_002_0008_0015_N.mp4,6.0,355,vach_ke_duong_chuyen_lan,0.39690089225769043,1354.568359375,771.9432373046875,1744.01513671875,1090.0008544921875
/content/video/b3a7d0e0_801_clip_005_0031_0038_Y.mp4,0.0,45,TocDo_Chu,0.41212570667266846,632.196533203125,1349.9261474609375,793.13134765625,1405.9573974609375
/content/video/b3a7d0e0_801_clip_005_0031_0038_Y.mp4,1.0,45,TocDo_Chu,0.34261149168014526,633.1219482421875,1350.8834228515625,791.4178466796875,1406.2852783203125
/content/video/b3a7d0e0_801_clip_005_0031_0038_Y.mp4,2.0,45,TocDo_Chu,0.4383545219898224,632.38037109375,1349.771484375,793.5562744140625,1404.70947265625
/content/video/b3a7d0e0_801_clip_005_0031_0038_Y.mp4,3.0,45,TocDo_Chu,0.27647241950035095,633.3297729492188,1350.781982421875,792.7855834960938,1405.58154296875
/content/video/b3a7d0e0_801_clip_005_0031_0038_Y.mp4,4.0,45,TocDo_Chu,0.30768561363220215,633.932373046875,1350.345703125,792.056884765625,1405.04345703125
/content/video/b3a7d0e0_801_clip_005_0031_0038_Y.mp4,6.0,60,cam_DoDungXe,0.2550547122955322,1650.4500732421875,324.52197265625,1762.4534912109375,446.135986328125
/content/video/b6d1f6bb_1000_clip_002_0010_0017_Y.mp4,0.0,275,hieulenh_HuongDiVongChuongNgaiVatSangPhai,0.824101984500885,896.8216552734375,484.27752685546875,969.443603515625,558.8977661132812
/content/video/b6d1f6bb_1000_clip_002_0010_0017_Y.mp4,0.0,59,cam_DiNguocChieu,0.645227313041687,895.1494750976562,411.5772705078125,966.2636108398438,484.4124755859375
/content/video/b6d1f6bb_1000_clip_002_0010_0017_Y.mp4,1.0,275,hieulenh_HuongDiVongChuongNgaiVatSangPhai,0.8858393430709839,685.966552734375,433.6414794921875,780.06982421875,528.7183837890625
/content/video/b6d1f6bb_1000_clip_002_0010_0017_Y.mp4,1.0,59,cam_DiNguocChieu,0.7237392663955688,688.5863037109375,335.5355224609375,781.0316162109375,433.6876220703125
/content/video/b6d1f6bb_1000_clip_002_0010_0017_Y.mp4,2.0,275,hieulenh_HuongDiVongChuongNgaiVatSangPhai,0.9281299114227295,321.60345458984375,355.29266357421875,434.50213623046875,495.09136962890625
/content/video/b6d1f6bb_1000_clip_002_0010_0017_Y.mp4,2.0,59,cam_DiNguocChieu,0.9200589656829834,328.260498046875,227.4075927734375,444.55126953125,355.0462646484375
/content/video/b6d1f6bb_1000_clip_002_0010_0017_Y.mp4,2.0,275,hieulenh_HuongDiVongChuongNgaiVatSangPhai,0.3297227621078491,331.7596435546875,228.5421142578125,442.1544189453125,355.3662109375
/content/video/b6d1f6bb_1000_clip_002_0010_0017_Y.mp4,4.0,45,TocDo_Chu,0.37805894017219543,634.3590698242188,1349.838623046875,790.0803833007812,1409.156494140625
/content/video/b6d1f6bb_1000_clip_002_0010_0017_Y.mp4,5.0,45,TocDo_Chu,0.5087757706642151,619.1658935546875,1348.244873046875,789.030517578125,1409.037841796875
/content/video/b6dd6257_792_clip_005_0029_0037_N.mp4,0.0,355,vach_ke_duong_chuyen_lan,0.3433924615383148,993.5087280273438,756.0362548828125,1207.6484375,1074.8875732421875
/content/video/b6dd6257_792_clip_005_0029_0037_N.mp4,0.0,355,vach_ke_duong_chuyen_lan,0.3430979549884796,1081.84423828125,765.0148315429688,1200.7587890625,928.7604370117188
/content/video/b6dd6257_792_clip_005_0029_0037_N.mp4,1.0,58,cam_CuLyToiThieu3m,0.2865837812423706,2062.09326171875,201.0268096923828,2280.63427734375,332.52215576171875
/content/video/b6dd6257_792_clip_005_0029_0037_N.mp4,2.0,355,vach_ke_duong_chuyen_lan,0.8529279828071594,837.070068359375,740.699462890625,1129.9337158203125,1079.434814453125
/content/video/b6dd6257_792_clip_005_0029_0037_N.mp4,2.0,355,vach_ke_duong_chuyen_lan,0.28793829679489136,916.6749267578125,743.388427734375,1125.1959228515625,955.63818359375
/content/video/b6dd6257_792_clip_005_0029_0037_N.mp4,4.0,45,TocDo_Chu,0.3046589195728302,629.734130859375,1348.9859619140625,802.771240234375,1408.7073974609375
/content/video/b6dd6257_792_clip_005_0029_0037_N.mp4,6.0,45,TocDo_Chu,0.27912408113479614,629.2361450195312,1349.3953857421875,802.4022827148438,1408.2989501953125
/content/video/b7a4c719_985_clip_004_0024_0033_N.mp4,0.0,355,vach_ke_duong_chuyen_lan,0.2680041790008545,1381.225830078125,782.7457275390625,1662.698486328125,975.3040771484375
/content/video/b7a4c719_985_clip_004_0024_0033_N.mp4,0.0,45,TocDo_Chu,0.2592836618423462,617.4034423828125,1349.0799560546875,792.8861083984375,1406.0941162109375
/content/video/b7a4c719_985_clip_004_0024_0033_N.mp4,1.0,45,TocDo_Chu,0.44194746017456055,614.901123046875,1348.33642578125,791.677978515625,1406.65283203125
/content/video/b7a4c719_985_clip_004_0024_0033_N.mp4,2.0,355,vach_ke_duong_chuyen_lan,0.49952933192253113,1379.604736328125,740.1424560546875,1719.073974609375,982.9599609375
/content/video/b7a4c719_985_clip_004_0024_0033_N.mp4,4.0,355,vach_ke_duong_chuyen_lan,0.27267640829086304,1367.070068359375,764.078125,1760.752197265625,1028.674560546875
/content/video/b7a4c719_985_clip_004_0024_0033_N.mp4,5.0,45,TocDo_Chu,0.2724545896053314,618.5016479492188,1350.038818359375,792.7120971679688,1406.525634765625
/content/video/b7a4c719_985_clip_004_0024_0033_N.mp4,6.0,45,TocDo_Chu,0.2963176965713501,616.1812744140625,1349.296630859375,792.0213623046875,1405.085205078125
/content/video/b7b56ea7_961_clip_008_0052_0060_Y.mp4,6.0,275,hieulenh_HuongDiVongChuongNgaiVatSangPhai,0.5915804505348206,80.70013427734375,538.9803466796875,144.40576171875,619.9420166015625
/content/video/b7b56ea7_961_clip_008_0052_0060_Y.mp4,6.0,59,cam_DiNguocChieu,0.359256774187088,77.822998046875,459.44964599609375,148.16993713378906,537.3532104492188
/content/video/b7b56ea7_961_clip_008_0052_0060_Y.mp4,7.0,275,hieulenh_HuongDiVongChuongNgaiVatSangPhai,0.7949349284172058,197.162353515625,495.43450927734375,280.09637451171875,597.4569702148438
/content/video/b7b56ea7_961_clip_008_0052_0060_Y.mp4,7.0,59,cam_DiNguocChieu,0.503830075263977,198.11138916015625,396.141845703125,284.9379577636719,495.528564453125
/content/video/bc55300b_1000_clip_004_0024_0034_Y.mp4,0.0,59,cam_DiNguocChieu,0.3926774859428406,171.74822998046875,480.53607177734375,236.02001953125,571.7283325195312
/content/video/bc55300b_1000_clip_004_0024_0034_Y.mp4,3.0,355,vach_ke_duong_chuyen_lan,0.2853519320487976,1512.3818359375,820.646484375,1859.841552734375,1083.8004150390625
/content/video/bc55300b_1000_clip_004_0024_0034_Y.mp4,4.0,355,vach_ke_duong_chuyen_lan,0.41908717155456543,1526.3585205078125,838.4873046875,1875.3040771484375,1080.7474365234375
/content/video/bc55300b_1000_clip_004_0024_0034_Y.mp4,7.0,355,vach_ke_duong_chuyen_lan,0.4881506860256195,1420.169677734375,779.2880859375,1741.575927734375,976.8333740234375
/content/video/bc55300b_1000_clip_004_0024_0034_Y.mp4,8.0,355,vach_ke_duong_chuyen_lan,0.2528066039085388,1458.5673828125,794.1234130859375,1734.90966796875,973.6593017578125
/content/video/bd767e35_801_clip_004_0027_0032_Y.mp4,0.0,355,vach_ke_duong_chuyen_lan,0.35988202691078186,769.171875,726.351806640625,1134.7646484375,1027.095703125
/content/video/c1156d6d_806_clip_002_0010_0015_Y.mp4,1.0,45,TocDo_Chu,0.5273847579956055,641.759765625,1349.8858642578125,804.39697265625,1407.2271728515625
/content/video/c1156d6d_806_clip_002_0010_0015_Y.mp4,3.0,68,cam_DoXe,0.4303133189678192,2474.92333984375,217.410888671875,2560.0,352.57318115234375
/content/video/c1156d6d_806_clip_002_0010_0015_Y.mp4,4.0,68,cam_DoXe,0.588874101638794,2362.36279296875,154.1951446533203,2500.1435546875,308.52093505859375
/content/video/c1156d6d_806_clip_002_0010_0015_Y.mp4,4.0,52,bienphu_KhongDungXeQua5Phut,0.276394784450531,2397.83740234375,316.50836181640625,2521.95849609375,443.04718017578125
/content/video/c4536f1d_867_clip_014_0102_0112_Y.mp4,1.0,45,TocDo_Chu,0.30144941806793213,1352.156494140625,971.19140625,1539.44189453125,1027.4110107421875
/content/video/c4536f1d_867_clip_014_0102_0112_Y.mp4,3.0,45,TocDo_Chu,0.36453697085380554,1350.09521484375,971.1403198242188,1540.48046875,1026.58203125
/content/video/c4536f1d_867_clip_014_0102_0112_Y.mp4,4.0,45,TocDo_Chu,0.44821682572364807,1353.616943359375,971.3509521484375,1541.066650390625,1027.3111572265625
/content/video/c4536f1d_867_clip_014_0102_0112_Y.mp4,5.0,355,vach_ke_duong_chuyen_lan,0.3769463002681732,886.67724609375,721.7960205078125,1116.328125,888.718017578125
/content/video/c4536f1d_867_clip_014_0102_0112_Y.mp4,5.0,45,TocDo_Chu,0.2580341100692749,1349.69189453125,970.2396240234375,1537.422607421875,1026.968994140625
/content/video/c4536f1d_867_clip_014_0102_0112_Y.mp4,7.0,212,chidan_OToDiThang,0.4560433030128479,1438.496826171875,538.822021484375,1511.409423828125,660.4668579101562
/content/video/c85aca46_789_clip_009_0063_0073_N.mp4,0.0,355,vach_ke_duong_chuyen_lan,0.29575544595718384,844.9524536132812,782.339111328125,982.0224609375,971.375
/content/video/c85aca46_789_clip_009_0063_0073_N.mp4,2.0,45,TocDo_Chu,0.3448389172554016,1354.6651611328125,971.8837280273438,1537.029541015625,1025.2861328125
/content/video/c85aca46_789_clip_009_0063_0073_N.mp4,3.0,45,TocDo_Chu,0.3503894507884979,1348.9337158203125,969.9072875976562,1534.0428466796875,1023.5872192382812
/content/video/c85aca46_789_clip_009_0063_0073_N.mp4,4.0,45,TocDo_Chu,0.538292407989502,1353.6295166015625,975.89794921875,1538.1416015625,1026.2589111328125
/content/video/c85aca46_789_clip_009_0063_0073_N.mp4,4.0,48,VachNguoiDiBo,0.25734981894493103,376.1595458984375,790.9031982421875,1030.150146484375,948.30908203125
/content/video/c85aca46_789_clip_009_0063_0073_N.mp4,5.0,45,TocDo_Chu,0.6145901083946228,1351.917236328125,972.849609375,1549.96240234375,1024.6578369140625
/content/video/c85aca46_789_clip_009_0063_0073_N.mp4,6.0,45,TocDo_Chu,0.6086594462394714,1363.29638671875,974.4098510742188,1536.372802734375,1027.4970703125
/content/video/c85aca46_789_clip_009_0063_0073_N.mp4,7.0,275,hieulenh_HuongDiVongChuongNgaiVatSangPhai,0.7803322672843933,1744.903564453125,345.66943359375,1843.105224609375,496.47216796875
/content/video/c85aca46_789_clip_009_0063_0073_N.mp4,8.0,48,VachNguoiDiBo,0.7130436897277832,13.042510986328125,752.4497680664062,1512.7691650390625,957.9796142578125
/content/video/c96b5edb_1000_clip_003_0016_0023_Y.mp4,0.0,355,vach_ke_duong_chuyen_lan,0.29285019636154175,1291.064453125,735.21484375,1528.205078125,1015.516357421875
/content/video/c96b5edb_1000_clip_003_0016_0023_Y.mp4,1.0,295,muiten_DiThangReTrai,0.5393111705780029,1066.33642578125,829.2232666015625,1264.51953125,967.0653076171875
/content/video/c96b5edb_1000_clip_003_0016_0023_Y.mp4,1.0,293,muiten_DiThang,0.5041292905807495,78.2392578125,99.6688232421875,1194.45361328125,924.2777099609375
/content/video/c96b5edb_1000_clip_003_0016_0023_Y.mp4,1.0,293,muiten_DiThang,0.3837561011314392,1833.279541015625,813.8287353515625,2099.150634765625,934.9796142578125
/content/video/c96b5edb_1000_clip_003_0016_0023_Y.mp4,2.0,355,vach_ke_duong_chuyen_lan,0.4099527895450592,1353.2799072265625,737.0262451171875,1545.8365478515625,1012.181396484375
/content/video/c96b5edb_1000_clip_003_0016_0023_Y.mp4,3.0,355,vach_ke_duong_chuyen_lan,0.508592963218689,1397.857421875,725.0496826171875,1584.0341796875,958.154296875
/content/video/c96b5edb_1000_clip_003_0016_0023_Y.mp4,4.0,355,vach_ke_duong_chuyen_lan,0.5334556102752686,1433.1669921875,750.4088134765625,1706.123291015625,1024.597412109375
/content/video/c96b5edb_1000_clip_003_0016_0023_Y.mp4,5.0,355,vach_ke_duong_chuyen_lan,0.27004274725914,1454.7236328125,761.62548828125,1777.48486328125,1058.64111328125
/content/video/c96b5edb_1000_clip_003_0016_0023_Y.mp4,5.0,68,cam_DoXe,0.258221298456192,2012.543212890625,491.908935546875,2054.747314453125,539.44189453125
/content/video/cb2fafa3_961_clip_001_0000_0009_Y.mp4,0.0,175,chiDanChu,0.5001699924468994,433.5391540527344,209.30877685546875,628.3968505859375,342.51727294921875
/content/video/cb2fafa3_961_clip_001_0000_0009_Y.mp4,2.0,175,chiDanChu,0.8224340677261353,0.461700439453125,137.34036254882812,126.80645751953125,295.2242736816406
/content/video/cb2fafa3_961_clip_001_0000_0009_Y.mp4,6.0,60,cam_DoDungXe,0.4288901686668396,1763.6431884765625,203.0708770751953,1869.3497314453125,305.76654052734375
/content/video/cb2fafa3_961_clip_001_0000_0009_Y.mp4,6.0,68,cam_DoXe,0.27046817541122437,1764.454833984375,203.8660125732422,1867.876708984375,305.18719482421875
/content/video/cb2fafa3_961_clip_001_0000_0009_Y.mp4,7.0,68,cam_DoXe,0.25226062536239624,1662.9666748046875,153.1005096435547,1779.6383056640625,270.26544189453125
/content/video/cb2fafa3_961_clip_001_0000_0009_Y.mp4,8.0,68,cam_DoXe,0.3044373393058777,1623.35107421875,94.99465942382812,1762.496337890625,219.71945190429688
/content/video/cf8ebc5a_985_clip_005_0029_0036_N.mp4,0.0,45,TocDo_Chu,0.5305631160736084,612.2938232421875,1349.303466796875,793.0087890625,1406.597900390625
/content/video/cf8ebc5a_985_clip_005_0029_0036_N.mp4,2.0,45,TocDo_Chu,0.27403518557548523,611.8717041015625,1349.73876953125,793.9351806640625,1406.70947265625
/content/video/cf8ebc5a_985_clip_005_0029_0036_N.mp4,5.0,355,vach_ke_duong_chuyen_lan,0.5195596218109131,1323.556884765625,758.60595703125,1584.075927734375,1006.738525390625
/content/video/d1bdb8c0_820_clip_020_0142_0149_Y.mp4,0.0,275,hieulenh_HuongDiVongChuongNgaiVatSangPhai,0.3876185417175293,285.2077941894531,431.8233947753906,344.3273010253906,498.6041564941406
/content/video/d1bdb8c0_820_clip_020_0142_0149_Y.mp4,0.0,45,TocDo_Chu,0.25644955039024353,1357.94775390625,969.8489990234375,1534.692138671875,1030.3936767578125
/content/video/d1bdb8c0_820_clip_020_0142_0149_Y.mp4,1.0,275,hieulenh_HuongDiVongChuongNgaiVatSangPhai,0.7987176775932312,222.79751586914062,406.44049072265625,292.3599853515625,484.85211181640625
/content/video/d1bdb8c0_820_clip_020_0142_0149_Y.mp4,1.0,59,cam_DiNguocChieu,0.6129449605941772,234.01080322265625,329.17596435546875,309.1332092285156,408.48736572265625
/content/video/d1bdb8c0_820_clip_020_0142_0149_Y.mp4,1.0,45,TocDo_Chu,0.4992363154888153,1354.138427734375,970.2756958007812,1507.6390380859375,1027.40478515625
/content/video/d1bdb8c0_820_clip_020_0142_0149_Y.mp4,2.0,275,hieulenh_HuongDiVongChuongNgaiVatSangPhai,0.5905131101608276,142.90386962890625,327.5970458984375,228.59898376464844,426.42840576171875
/content/video/d1bdb8c0_820_clip_020_0142_0149_Y.mp4,2.0,45,TocDo_Chu,0.33749112486839294,1352.56591796875,968.612548828125,1506.771484375,1026.99560546875
/content/video/d1bdb8c0_820_clip_020_0142_0149_Y.mp4,3.0,45,TocDo_Chu,0.33624592423439026,1353.0078125,969.3792114257812,1506.84765625,1026.6002197265625
/content/video/d39e198b_800_clip_018_0128_0134_N.mp4,1.0,46,VachDutVang,0.26047927141189575,490.103759765625,692.6107177734375,719.8020629882812,817.40185546875
/content/video/d39e198b_800_clip_018_0128_0134_N.mp4,3.0,46,VachDutVang,0.5327185988426208,196.78729248046875,707.2860717773438,730.2174072265625,936.8358764648438
/content/video/d39e198b_800_clip_018_0128_0134_N.mp4,3.0,355,vach_ke_duong_chuyen_lan,0.4450607895851135,842.849853515625,725.9720458984375,1053.880126953125,928.8406982421875
/content/video/d39e198b_800_clip_018_0128_0134_N.mp4,4.0,46,VachDutVang,0.9710591435432434,306.95538330078125,708.2241821289062,751.9503173828125,922.7442626953125
/content/video/d4f8fd72_792_clip_002_0007_0013_N.mp4,1.0,355,vach_ke_duong_chuyen_lan,0.3957536518573761,1381.89697265625,799.11767578125,1574.588623046875,978.465087890625
/content/video/d4f8fd72_792_clip_002_0007_0013_N.mp4,2.0,355,vach_ke_duong_chuyen_lan,0.4309888780117035,1382.787841796875,815.829833984375,1626.787353515625,1022.69775390625
/content/video/d4f8fd72_792_clip_002_0007_0013_N.mp4,3.0,355,vach_ke_duong_chuyen_lan,0.6614980697631836,1383.358642578125,826.3333740234375,1659.818603515625,1062.3472900390625
/content/video/d5b077e0_916_clip_008_0054_0060_Y.mp4,4.0,115,cam_TocDoToiDa50,0.3185114562511444,264.51434326171875,590.8555908203125,385.74761962890625,775.2637939453125
/content/video/d8e049de_1000_clip_001_0000_0005_Y.mp4,0.0,293,muiten_DiThang,0.25315678119659424,1906.232421875,903.4404296875,2312.791015625,1101.150634765625
/content/video/d8e049de_1000_clip_001_0000_0005_Y.mp4,2.0,295,muiten_DiThangReTrai,0.3470061719417572,1163.61669921875,815.3885498046875,1332.40185546875,911.5284423828125
/content/video/d8e049de_1000_clip_001_0000_0005_Y.mp4,4.0,175,chiDanChu,0.9211996793746948,1763.93310546875,155.17156982421875,1960.07470703125,326.90704345703125
/content/video/d9d80b8d_1000_clip_005_0029_0039_N.mp4,0.0,45,TocDo_Chu,0.3699790835380554,632.4090576171875,1348.854736328125,789.3546142578125,1406.724365234375
/content/video/d9d80b8d_1000_clip_005_0029_0039_N.mp4,1.0,355,vach_ke_duong_chuyen_lan,0.41853514313697815,1417.6103515625,757.9849853515625,1746.1025390625,1064.5462646484375
/content/video/d9d80b8d_1000_clip_005_0029_0039_N.mp4,1.0,45,TocDo_Chu,0.2530944049358368,630.5379638671875,1348.14453125,789.0233154296875,1408.83349609375
/content/video/d9d80b8d_1000_clip_005_0029_0039_N.mp4,2.0,45,TocDo_Chu,0.3694445788860321,632.5775146484375,1348.580078125,787.9305419921875,1408.179931640625
/content/video/d9d80b8d_1000_clip_005_0029_0039_N.mp4,4.0,45,TocDo_Chu,0.3100568950176239,629.0038452148438,1350.7646484375,801.6552124023438,1410.267822265625
/content/video/d9d80b8d_1000_clip_005_0029_0039_N.mp4,5.0,355,vach_ke_duong_chuyen_lan,0.33654162287712097,1347.186279296875,721.213134765625,1639.88623046875,1085.382080078125
/content/video/d9d80b8d_1000_clip_005_0029_0039_N.mp4,5.0,45,TocDo_Chu,0.275683730840683,630.1407470703125,1349.1982421875,803.302734375,1409.427734375
/content/video/d9d80b8d_1000_clip_005_0029_0039_N.mp4,7.0,45,TocDo_Chu,0.5427392721176147,631.17626953125,1348.8895263671875,804.399169921875,1409.7003173828125
/content/video/d9d80b8d_1000_clip_005_0029_0039_N.mp4,8.0,45,TocDo_Chu,0.31852367520332336,630.075439453125,1349.4913330078125,804.2412109375,1409.5003662109375
/content/video/d9d80b8d_1000_clip_005_0029_0039_N.mp4,9.0,355,vach_ke_duong_chuyen_lan,0.38855841755867004,1341.5390625,752.757080078125,1657.72509765625,1061.045654296875
/content/video/dc570131_1000_clip_005_0026_0031_Y.mp4,1.0,355,vach_ke_duong_chuyen_lan,0.3990962505340576,1447.3311767578125,825.7584228515625,1809.4798583984375,1064.2218017578125
/content/video/dc570131_1000_clip_005_0026_0031_Y.mp4,4.0,328,phu_ChuYQuanSat,0.40574005246162415,2165.621337890625,329.124267578125,2312.017333984375,408.35205078125
/content/video/dc5be7d1_801_clip_004_0021_0026_N.mp4,1.0,355,vach_ke_duong_chuyen_lan,0.5118648409843445,765.5733642578125,750.0150146484375,1115.9876708984375,1024.6893310546875
/content/video/dc5be7d1_801_clip_004_0021_0026_N.mp4,2.0,355,vach_ke_duong_chuyen_lan,0.7138424515724182,736.4541015625,749.6839599609375,1059.2822265625,1004.416748046875
/content/video/dc5be7d1_801_clip_004_0021_0026_N.mp4,3.0,355,vach_ke_duong_chuyen_lan,0.5168376564979553,538.259765625,755.888916015625,1013.722412109375,1086.136474609375
/content/video/dc5be7d1_801_clip_004_0021_0026_N.mp4,4.0,355,vach_ke_duong_chuyen_lan,0.42752763628959656,519.494140625,759.0517578125,983.1611328125,1064.86474609375
/content/video/dc96925e_944_clip_010_0065_0074_Y.mp4,0.0,46,VachDutVang,0.407687783241272,418.93011474609375,723.0731811523438,768.4962158203125,932.59716796875
/content/video/dc96925e_944_clip_010_0065_0074_Y.mp4,2.0,46,VachDutVang,0.35454872250556946,332.61138916015625,744.890869140625,727.588134765625,945.762939453125
/content/video/dc96925e_944_clip_010_0065_0074_Y.mp4,5.0,46,VachDutVang,0.3255002498626709,487.3974609375,716.2021484375,775.0255126953125,874.7144775390625
/content/video/dc96925e_944_clip_010_0065_0074_Y.mp4,6.0,46,VachDutVang,0.2783079445362091,355.0542297363281,729.1897583007812,769.205078125,935.8505859375
/content/video/f26b4776_801_clip_004_0023_0031_Y.mp4,2.0,60,cam_DoDungXe,0.37852951884269714,216.2076416015625,272.32177734375,374.64471435546875,502.63092041015625
/content/video/f26b4776_801_clip_004_0023_0031_Y.mp4,3.0,60,cam_DoDungXe,0.27811717987060547,1523.26220703125,328.1577453613281,1618.96875,421.2557067871094
/content/video/f75d599f_792_clip_003_0013_0022_N.mp4,2.0,355,vach_ke_duong_chuyen_lan,0.4445687532424927,1249.9202880859375,760.6624755859375,1528.1656494140625,1052.9644775390625
/content/video/f75d599f_792_clip_003_0013_0022_N.mp4,3.0,59,cam_DiNguocChieu,0.849521279335022,799.0999755859375,383.04833984375,884.6397705078125,474.9091796875
/content/video/f75d599f_792_clip_003_0013_0022_N.mp4,3.0,275,hieulenh_HuongDiVongChuongNgaiVatSangPhai,0.8013365268707275,798.18505859375,476.2952880859375,882.3690185546875,571.1402587890625
/content/video/f75d599f_792_clip_003_0013_0022_N.mp4,3.0,355,vach_ke_duong_chuyen_lan,0.44557031989097595,1248.3060302734375,754.747314453125,1444.7503662109375,1019.8958740234375
/content/video/f75d599f_792_clip_003_0013_0022_N.mp4,4.0,275,hieulenh_HuongDiVongChuongNgaiVatSangPhai,0.9206935167312622,344.87225341796875,274.79632568359375,510.20391845703125,476.46221923828125
/content/video/f75d599f_792_clip_003_0013_0022_N.mp4,4.0,59,cam_DiNguocChieu,0.7892172336578369,364.86846923828125,78.98160552978516,530.5357055664062,272.7429504394531
/content/video/f75d599f_792_clip_003_0013_0022_N.mp4,6.0,355,vach_ke_duong_chuyen_lan,0.264547199010849,1353.4931640625,793.6192626953125,1528.7294921875,979.4921875
/content/video/f75d599f_792_clip_003_0013_0022_N.mp4,8.0,355,vach_ke_duong_chuyen_lan,0.3271363377571106,1364.6689453125,865.6888427734375,1617.7109375,1075.7476806640625
/content/video/f7e8f8e5_792_clip_008_0045_0053_N.mp4,2.0,59,cam_DiNguocChieu,0.7864199876785278,1038.930419921875,410.19671630859375,1094.021728515625,470.6849365234375
/content/video/f7e8f8e5_792_clip_008_0045_0053_N.mp4,2.0,275,hieulenh_HuongDiVongChuongNgaiVatSangPhai,0.589625895023346,1039.672607421875,472.447265625,1093.1103515625,527.03857421875
/content/video/f7e8f8e5_792_clip_008_0045_0053_N.mp4,2.0,60,cam_DoDungXe,0.4248766005039215,1897.18896484375,325.30120849609375,1968.61474609375,412.30633544921875
/content/video/f7e8f8e5_792_clip_008_0045_0053_N.mp4,2.0,48,VachNguoiDiBo,0.2640874981880188,383.9490966796875,825.4490966796875,1845.5230712890625,971.4669189453125
/content/video/f7e8f8e5_792_clip_008_0045_0053_N.mp4,3.0,275,hieulenh_HuongDiVongChuongNgaiVatSangPhai,0.7043395042419434,925.079833984375,336.92657470703125,1011.78857421875,420.72821044921875
/content/video/f7e8f8e5_792_clip_008_0045_0053_N.mp4,3.0,59,cam_DiNguocChieu,0.35572025179862976,924.005126953125,236.70455932617188,1030.3896484375,336.1997375488281
/content/video/f7e8f8e5_792_clip_008_0045_0053_N.mp4,4.0,355,vach_ke_duong_chuyen_lan,0.28764039278030396,1321.609130859375,761.5172119140625,1630.136474609375,986.5782470703125
/content/video/f7e8f8e5_792_clip_008_0045_0053_N.mp4,5.0,355,vach_ke_duong_chuyen_lan,0.32184889912605286,1312.60546875,754.73974609375,1658.54296875,1021.695068359375
/content/video/f7fd5646_985_clip_005_0033_0042_N.mp4,7.0,355,vach_ke_duong_chuyen_lan,0.4351583421230316,1344.65576171875,731.548583984375,1671.6826171875,1021.9384765625
/content/video/f7fd5646_985_clip_005_0033_0042_N.mp4,8.0,355,vach_ke_duong_chuyen_lan,0.42107680439949036,1315.899658203125,737.64697265625,1722.941162109375,1041.3424072265625
/content/video/fb16e5db_884_clip_003_0020_0025_Y.mp4,1.0,45,TocDo_Chu,0.6911497116088867,1556.4471435546875,1849.5592041015625,1806.120849609375,1943.538330078125
/content/video/fb16e5db_884_clip_003_0020_0025_Y.mp4,2.0,45,TocDo_Chu,0.49227944016456604,1557.7303466796875,1850.0482177734375,1805.467529296875,1943.0513916015625
/content/video/fb16e5db_884_clip_003_0020_0025_Y.mp4,3.0,45,TocDo_Chu,0.5795121788978577,1557.0023193359375,1850.4117431640625,1805.5750732421875,1941.7529296875
/content/video/fb16e5db_884_clip_003_0020_0025_Y.mp4,4.0,45,TocDo_Chu,0.7848465442657471,1557.58740234375,1850.4700927734375,1806.0325927734375,1940.890380859375
/content/video/fd72b050_865_clip_008_0061_0071_Y.mp4,0.0,45,TocDo_Chu,0.410453200340271,1351.803955078125,970.306640625,1540.134521484375,1029.369140625
/content/video/fd72b050_865_clip_008_0061_0071_Y.mp4,1.0,45,TocDo_Chu,0.3139139413833618,1355.54638671875,971.5962524414062,1537.2586669921875,1026.543701171875
/content/video/fd72b050_865_clip_008_0061_0071_Y.mp4,2.0,45,TocDo_Chu,0.5900561809539795,1355.3236083984375,970.4397583007812,1542.090087890625,1028.695068359375
/content/video/fd72b050_865_clip_008_0061_0071_Y.mp4,3.0,45,TocDo_Chu,0.3871566355228424,1352.861083984375,969.5042724609375,1536.4039306640625,1029.5753173828125
/content/video/fd72b050_865_clip_008_0061_0071_Y.mp4,4.0,45,TocDo_Chu,0.5557481646537781,1352.498779296875,970.5851440429688,1539.2158203125,1028.111083984375
/content/video/fd72b050_865_clip_008_0061_0071_Y.mp4,5.0,45,TocDo_Chu,0.5274494290351868,1350.88818359375,971.0370483398438,1543.8486328125,1029.3681640625
/content/video/fd72b050_865_clip_008_0061_0071_Y.mp4,6.0,45,TocDo_Chu,0.48821479082107544,1352.914306640625,971.9454345703125,1538.8974609375,1027.9456787109375
/content/video/fd72b050_865_clip_008_0061_0071_Y.mp4,8.0,45,TocDo_Chu,0.44967490434646606,1354.835693359375,970.318359375,1540.7618408203125,1028.6070556640625
/content/video/ff574e2b_944_clip_007_0041_0050_Y.mp4,2.0,175,chiDanChu,0.6013982892036438,1297.445556640625,536.3095703125,1401.8955078125,639.86474609375
/content/video/ff574e2b_944_clip_007_0041_0050_Y.mp4,3.0,175,chiDanChu,0.5109323263168335,1692.8594970703125,426.6986389160156,1820.8385009765625,607.70654296875
/content/video/ff574e2b_944_clip_007_0041_0050_Y.mp4,4.0,46,VachDutVang,0.6886516809463501,354.83990478515625,726.821533203125,774.7398681640625,951.7000732421875
/content/video/ff574e2b_944_clip_007_0041_0050_Y.mp4,7.0,46,VachDutVang,0.7124055624008179,368.5882873535156,717.878173828125,757.2614135742188,950.170166015625
